IR Value,Red Value,Heart Rate,SpO2
36356,61613,,
36351,61606,,
36350,61622,,
36347,61614,,
36351,61612,,
36358,61623,,
36342,61619,,
36354,61620,,
36354,61613,,
36345,61606,,
36353,61615,,
36351,61613,,
36357,61618,,
36358,61626,,
36356,61618,,
36366,61633,,
36362,61624,,
36356,61629,,
36360,61638,,
36363,61617,,
36367,61631,,
36357,61625,,
36360,61614,,
36360,61620,,
36353,61598,,
36352,61605,,
36350,61586,,
36355,61585,,
36354,61602,,
36350,61586,,
36357,61596,,
36355,61587,,
36356,61596,,
36346,61595,,
36352,61595,,
36353,61600,,
36354,61588,,
36352,61604,,
36366,61601,,
36360,61582,,
36360,61615,,
36357,61590,,
36361,61600,,
36361,61600,,
36362,61612,,
36354,61594,,
36362,61615,,
36357,61606,,
36364,61598,,
36366,61602,,
36363,61591,,
36372,61615,,
36366,61607,,
36373,61617,,
36372,61616,,
36371,61614,,
36377,61616,,
36386,61628,,
36370,61616,,
36383,61631,,
36391,61638,,
36380,61626,,
36392,61644,,
36386,61625,,
36390,61647,,
36383,61617,,
36389,61634,,
36383,61624,,
36387,61617,,
36392,61619,,
36391,61608,,
36391,61614,,
36384,61608,,
36393,61618,,
36396,61607,,
36393,61616,,
36402,61605,,
36406,61607,,
36408,61629,,
36394,61604,,
36403,61626,,
36397,61623,,
36401,61619,,
36405,61628,,
36399,61625,,
36404,61623,,
36409,61636,,
36406,61623,,
36407,61641,,
36400,61635,,
36414,61629,,
36415,61637,,
36408,61635,,
36413,61639,,
36407,61643,,
36416,61644,,
36417,61642,,
36417,61636,,
36417,61665,,
36419,61643,,
36431,61651,,
36419,61643,,
36422,61658,,
36416,61658,,
36422,61652,,
36432,61653,,
36425,61656,,
36429,61655,,
36424,61645,,
36424,61645,,
36424,61664,,
36421,61634,,
36421,61645,,
36421,61643,,
36423,61626,,
36424,61640,,
36426,61648,,
36417,61657,,
36423,61638,,
36424,61635,,
36428,61649,,
36423,61641,,
36426,61646,,
36426,61641,,
36423,61647,,
36431,61639,,
36425,61641,,
36432,61650,,
36425,61657,,
36428,61644,,
36441,61653,,
36442,61668,,
36449,61667,,
36452,61670,,
36461,61680,,
36464,61666,,
36466,61691,,
36471,61691,,
36477,61689,,
36482,61694,,
36483,61680,,
36484,61729,,
36482,61700,,
36486,61702,,
36489,61705,,
36481,61686,,
36490,61712,,
36480,61696,,
36486,61689,,
36491,61681,,
36491,61691,,
36488,61690,,
36481,61680,,
36488,61685,,
36480,61673,,
36486,61674,,
36490,61680,,
36493,61688,,
36492,61687,,
36492,61691,,
36492,61691,,
36496,61692,,
36488,61707,,
36494,61688,,
36494,61697,,
36485,61692,,
36486,61688,,
36501,61688,,
36499,61686,,
36501,61700,,
36496,61695,,
36492,61698,,
36495,61699,,
36500,61698,,
36501,61688,,
36502,61711,,
36495,61703,,
36504,61717,,
36500,61712,,
36500,61717,,
36502,61708,,
36512,61714,,
36514,61707,,
36511,61715,,
36506,61711,,
36511,61695,,
36507,61707,,
36507,61693,,
36513,61699,,
36506,61686,,
36511,61692,,
36505,61678,,
36503,61681,,
36500,61691,,
36512,61689,,
36509,61674,,
36509,61673,,
36510,61691,,
36511,61692,,
36505,61678,71,95
36513,61691,,
36510,61696,,
36518,61684,,
36518,61692,,
36520,61687,,
36518,61715,,
36510,61693,,
36518,61704,,
36507,61705,,
36518,61701,,
36518,61694,,
36528,61712,,
36524,61705,,
36536,61713,,
36529,61714,,
36535,61725,,
36530,61715,,
36535,61727,,
36535,61727,,
36542,61724,,
36551,61733,,
36557,61736,,
36548,61734,,
36548,61734,,
36543,61726,,
36543,61726,,
36560,61734,,
36555,61719,,
36556,61725,,
36556,61727,,
36553,61716,,
36554,61726,,
36561,61710,,
36556,61717,,
36553,61716,,
36565,61719,,
36561,61713,,
36568,61707,,
36569,61725,,
36571,61711,,
36572,61740,,
36581,61725,,
36577,61732,,
36583,61730,,
36589,61722,,
36592,61733,,
36595,61746,,
36599,61734,,
36600,61727,,
36607,61748,,
36613,61748,,
36613,61755,,
36610,61748,,
36620,61757,,
36622,61764,,
36622,61756,,
36629,61752,,
36630,61766,,
36630,61770,,
36637,61770,,
36643,61779,,
36638,61778,,
36656,61789,,
36659,61773,,
36660,61785,,
36654,61783,,
36666,61790,,
36673,61794,,
36672,61785,,
36680,61804,,
36685,61803,,
36695,61793,,
36695,61793,,
36696,61783,,
36700,61800,,
36701,61792,,
36705,61789,,
36717,61803,,
36710,61794,,
36720,61817,,
36713,61808,,
36720,61815,,
36721,61829,,
36729,61826,,
36738,61831,,
36732,61821,,
36737,61833,,
36734,61845,,
36743,61848,,
36738,61840,,
36750,61835,,
36756,61841,,
36759,61840,,
36756,61855,,
36755,61843,,
36758,61854,,
36758,61863,,
36760,61852,,
36767,61867,,
36770,61863,,
36767,61858,,
36774,61868,,
36774,61879,,
36777,61881,,
36778,61878,,
36776,61886,,
36768,61877,,
36773,61880,,
36776,61892,,
36777,61877,,
36782,61883,,
36776,61880,,
36785,61880,,
36780,61866,,
36778,61880,,
36776,61874,,
36777,61860,,
36781,61863,,
36774,61862,,
36776,61859,,
36784,61871,,
36778,61864,,
36785,61864,,
36786,61880,,
36778,61858,,
36783,61865,,
36775,61872,,
36778,61864,,
36784,61875,,
36788,61863,,
36788,61874,,
36788,61874,,
36781,61864,,
36793,61880,,
36778,61882,,
36794,61888,,
36788,61888,,
36785,61882,,
36798,61891,,
36796,61883,,
36792,61898,,
36792,61896,,
36791,61891,,
36789,61896,,
36791,61889,,
36798,61894,,
36793,61889,,
36802,61895,,
36799,61903,,
36802,61897,,
36796,61899,,
36801,61888,,
36798,61896,,
36795,61885,,
36800,61889,,
36795,61890,,
36795,61886,,
36803,61887,,
36798,61886,,
36814,61890,,
36799,61888,,
36802,61887,,
36792,61881,,
36804,61895,,
36805,61895,,
36804,61885,,
36799,61890,,
36804,61898,,
36804,61893,,
36804,61890,,
36815,61904,,
36808,61900,,
36807,61911,,
36807,61888,,
36803,61911,,
36811,61911,,
36814,61913,,
36809,61902,,
36807,61916,,
36799,61900,,
36803,61914,,
36797,61913,,
36797,61913,,
36802,61913,,
36811,61924,,
36808,61905,,
36804,61933,,
36801,61914,,
36804,61928,,
36797,61917,,
36805,61915,,
36801,61911,,
36809,61900,,
36811,61911,,
36795,61916,,
36796,61894,,
36797,61907,,
36803,61904,,
36803,61903,,
36806,61911,107,92
36796,61906,,
36803,61906,,
36803,61899,,
36799,61896,,
36808,61915,,
36795,61904,,
36805,61902,,
36799,61903,,
36801,61903,,
36806,61895,,
36802,61901,,
36812,61907,,
36802,61915,,
36800,61917,,
36806,61907,,
36803,61925,,
36804,61917,,
36802,61926,,
36799,61917,,
36799,61912,,
36801,61925,,
36800,61909,,
36817,61926,,
36806,61910,,
36804,61926,,
36805,61926,,
36809,61917,,
36808,61912,,
36809,61922,,
36813,61942,,
36804,61923,,
36815,61931,,
36807,61935,,
36805,61916,,
36817,61915,,
36804,61922,,
36808,61913,,
36803,61905,,
36809,61914,,
36809,61914,,
36800,61908,,
36810,61898,,
36809,61915,,
36806,61897,,
36811,61913,,
36798,61906,,
36807,61903,,
36808,61914,,
36806,61911,,
36801,61902,,
36804,61908,,
36801,61913,,
36806,61897,,
36818,61904,,
36815,61908,,
36810,61919,,
36804,61918,,
36808,61916,,
36814,61922,,
36813,61916,,
36813,61919,,
36817,61929,,
36814,61922,,
36824,61937,,
36814,61914,,
36810,61933,,
36813,61923,,
36819,61926,,
36822,61932,,
36819,61932,,
36824,61945,,
36814,61940,,
36817,61943,,
36825,61940,,
36821,61932,,
36820,61948,,
36816,61942,,
36815,61926,,
36817,61939,,
36816,61923,,
36817,61939,,
36811,61923,,
36813,61937,,
36813,61927,,
36809,61930,,
36806,61926,,
36806,61906,,
36818,61934,,
36806,61912,,
36806,61912,,
36816,61931,,
36805,61922,,
36816,61925,,
36811,61934,,
36809,61925,,
36807,61933,,
36821,61944,,
36811,61928,,
36816,61944,,
36813,61933,,
36811,61939,,
36805,61938,,
36814,61918,,
36812,61938,,
36817,61951,,
36817,61953,,
36806,61945,,
36810,61955,,
36812,61931,,
36818,61945,,
36814,61952,,
36818,61954,,
36815,61952,,
36820,61939,,
36818,61959,,
36810,61935,,
36818,61938,,
36813,61941,,
36813,61945,,
36815,61943,,
36804,61922,,
36807,61923,,
36806,61918,,
36811,61921,,
36813,61922,,
36813,61915,,
36816,61921,,
36811,61931,,
36815,61922,,
36825,61909,,
36817,61921,,
36822,61934,,
36820,61929,,
36816,61931,,
36812,61928,,
36814,61917,,
36820,61925,,
36820,61919,,
36825,61935,,
36814,61930,,
36828,61921,,
36829,61928,,
36823,61934,,
36824,61933,,
36819,61925,,
36829,61932,,
36820,61934,,
36822,61943,,
36829,61934,,
36829,61934,,
36823,61934,,
36834,61955,,
36822,61943,,
36831,61940,,
36824,61943,,
36836,61952,,
36824,61942,,
36826,61942,,
36830,61934,,
36827,61922,,
36832,61934,,
36828,61920,,
36824,61923,,
36826,61923,,
36826,61910,,
36825,61930,,
36819,61921,,
36826,61920,,
36830,61914,,
36830,61923,,
36832,61929,,
36835,61931,,
36836,61928,,
36836,61935,,
36832,61915,,
36841,61928,,
36833,61933,,
36840,61929,,
36840,61922,,
36841,61933,,
36840,61931,,
36846,61936,,
36845,61922,,
36844,61947,,
36842,61937,,
36837,61939,,
36839,61944,,
36848,61954,,
36850,61939,,
36845,61956,,
36848,61947,,
36844,61955,,
36847,61955,,
36846,61944,,
36851,61951,,
36849,61939,,
36849,61939,,
36855,61945,,
36844,61936,,
36847,61947,75,87
36841,61931,,
36852,61932,,
36842,61926,,
36844,61918,,
36855,61930,,
36845,61918,,
36856,61928,,
36850,61923,,
36852,61930,,
36852,61930,,
36847,61941,,
36850,61934,,
36856,61930,,
36857,61928,,
36860,61942,,
36855,61928,,
36863,61935,,
36865,61925,,
36862,61931,,
36863,61934,,
36865,61944,,
36869,61950,,
36863,61942,,
36868,61938,,
36872,61932,,
36866,61962,,
36868,61957,,
36865,61946,,
36872,61948,,
36871,61957,,
36873,61961,,
36882,61958,,
36878,61953,,
36884,61953,,
36875,61948,,
36879,61962,,
36871,61960,,
36877,61950,,
36873,61957,,
36876,61940,,
36881,61955,,
36871,61942,,
36877,61932,,
36875,61950,,
36878,61927,,
36884,61942,,
36878,61933,,
36875,61951,,
36879,61938,,
36882,61944,,
36879,61942,,
36880,61957,,
36886,61947,,
36881,61956,,
36879,61948,,
36887,61960,,
36883,61950,,
36889,61954,,
36889,61954,,
36884,61959,,
36887,61978,,
36891,61978,,
36891,61946,,
36892,61965,,
36887,61955,,
36890,61977,,
36903,61983,,
36894,61969,,
36897,61986,,
36897,61976,,
36897,61975,,
36905,61991,,
36900,61987,,
36901,62004,,
36892,61991,,
36906,61987,,
36908,61992,,
36905,61987,,
36912,61990,,
36906,61981,,
36900,61984,,
36899,61973,,
36902,61960,,
36905,61972,,
36902,61958,,
36907,61972,,
36898,61958,,
36907,61969,,
36896,61972,,
36909,61971,,
36904,61967,,
36902,61961,,
36908,61966,,
36903,61985,,
36913,61982,,
36905,61970,,
36911,61987,,
36908,61967,,
36910,61974,,
36904,61963,,
36906,61981,,
36908,61982,,
36911,61980,,
36915,61989,,
36916,61980,,
36910,61984,,
36918,61981,,
36907,61992,,
36916,61987,,
36918,61997,,
36911,61997,,
36917,61988,,
36915,62003,,
36914,61996,,
36921,62018,,
36912,62007,,
36918,62011,,
36916,62003,,
36916,62003,,
36919,61995,,
36922,61990,,
36914,61998,,
36923,61997,,
36915,61996,,
36916,61982,,
36917,61993,,
36912,61986,,
36912,61978,,
36919,61988,,
36925,61988,,
36912,61988,,
36911,61976,,
36919,61979,,
36928,61984,,
36923,61999,,
36930,61996,,
36922,61979,,
36931,61983,,
36922,61995,,
36931,61991,,
36925,62002,,
36932,61984,,
36929,61990,,
36932,61999,,
36936,61998,,
36943,62001,,
36937,61989,,
36942,62011,,
36930,62011,,
36935,62014,,
36942,62027,,
36938,62022,,
36946,62026,,
36943,62013,,
36950,62027,,
36940,62027,,
36946,62016,,
36948,62025,,
36943,62018,,
36947,62033,,
36945,62017,,
36955,62011,,
36939,62010,,
36948,62013,,
36944,62009,,
36944,62013,,
36945,62020,,
36945,62020,,
36939,61996,,
36954,62006,,
36949,61993,,
36951,62015,,
36941,62011,,
36947,62011,,
36942,62006,,
36941,62002,,
36953,62024,,
36948,62010,,
36957,62020,,
36947,62026,,
36953,62027,,
36957,62022,,
36951,62024,,
36951,62030,,
36952,62023,,
36955,62026,,
36953,62032,,
36959,62033,,
36955,62028,,
36957,62023,,
36957,62030,,
36965,62045,,
36953,62042,,
36960,62036,,
36959,62036,,
36957,62033,,
36966,62038,,
36966,62031,,
36969,62048,,
36964,62049,66,82
36969,62051,,
36965,62044,,
36965,62044,,
36974,62046,,
36966,62030,,
36964,62024,,
36963,62038,,
36970,62038,,
36962,62022,,
36967,62032,,
36969,62036,,
36960,62027,,
36964,62030,,
36959,62041,,
36965,62030,,
36975,62033,,
36965,62033,,
36967,62038,,
36965,62032,,
36966,62036,,
36965,62026,,
36965,62020,,
36969,62013,,
36970,62033,,
36966,62022,,
36970,62022,,
36970,62022,,
36965,62042,,
36965,62026,,
36977,62037,,
36973,62031,,
36971,62050,,
36962,62043,,
36966,62051,,
36966,62052,,
36978,62055,,
36974,62063,,
36971,62057,,
36970,62058,,
36980,62069,,
36975,62066,,
36971,62059,,
36975,62066,,
36978,62059,,
36977,62072,,
36966,62075,,
36974,62068,,
36975,62075,,
36975,62058,,
36977,62062,,
36976,62055,,
36973,62043,,
36979,62044,,
36985,62050,,
36979,62036,,
36983,62055,,
36974,62037,,
36988,62041,,
36992,62057,,
37002,62057,,
37010,62078,,
37010,62071,,
37022,62083,,
37025,62101,,
37041,62109,,
37053,62111,,
37056,62112,,
37058,62124,,
37072,62123,,
37071,62135,,
37086,62149,,
37092,62157,,
37089,62164,,
37097,62162,,
37103,62174,,
37104,62174,,
37104,62174,,
37116,62191,,
37106,62178,,
37108,62194,,
37112,62184,,
37118,62182,,
37122,62203,,
37132,62210,,
37127,62197,,
37127,62211,,
37129,62212,,
37133,62207,,
37141,62204,,
37141,62198,,
37145,62213,,
37142,62206,,
37148,62197,,
37148,62202,,
37142,62188,,
37147,62199,,
37142,62200,,
37156,62210,,
37150,62197,,
37150,62207,,
37148,62198,,
37161,62214,,
37156,62208,,
37161,62232,,
37150,62203,,
37157,62218,,
37153,62221,,
37160,62215,,
37167,62203,,
37164,62208,,
37161,62216,,
37170,62218,,
37167,62211,,
37169,62209,,
37156,62214,,
37173,62226,,
37176,62236,,
37168,62230,,
37178,62219,,
37171,62232,,
37177,62224,,
37188,62231,,
37181,62222,,
37178,62241,,
37176,62231,,
37179,62232,,
37182,62247,,
37180,62234,,
37184,62234,,
37179,62218,,
37179,62224,,
37179,62219,,
37187,62226,,
37178,62219,,
37184,62209,,
37180,62210,,
37180,62210,,
37181,62218,,
37175,62211,,
37185,62219,,
37181,62221,,
37188,62229,,
37181,62218,,
37188,62234,,
37176,62226,,
37184,62224,,
37189,62227,,
37190,62247,,
37177,62226,,
37187,62229,,
37193,62238,,
37181,62219,,
37194,62236,,
37192,62247,,
37195,62233,,
37193,62242,,
37194,62249,,
37208,62252,,
37202,62237,,
37196,62257,,
37205,62254,,
37205,62260,,
37200,62254,,
37200,62258,,
37200,62261,,
37198,62268,,
37215,62260,,
37200,62238,,
37206,62253,,
37201,62263,,
37202,62253,,
37202,62247,,
37198,62250,,
37202,62247,,
37198,62230,,
37198,62240,,
37202,62222,,
37189,62217,,
37200,62226,,
37191,62210,,
37197,62232,,
37188,62206,,
37196,62213,,
37196,62213,,
37191,62213,,
37193,62209,,
37192,62204,,
37199,62215,,
37190,62201,,
37198,62222,,
37192,62201,,
37187,62193,,
37180,62190,,
37184,62194,,
37180,62192,,
37190,62186,,
37177,62186,,
37185,62193,,
37173,62181,,
37181,62179,88,96
37182,62176,,
37177,62175,,
37176,62178,,
37174,62169,,
37173,62190,,
37169,62171,,
37170,62174,,
37168,62177,,
37174,62179,,
37165,62163,,
37168,62168,,
37166,62160,,
37169,62152,,
37163,62157,,
37165,62149,,
37160,62144,,
37164,62150,,
37147,62138,,
37155,62135,,
37154,62135,,
37150,62131,,
37155,62132,,
37145,62128,,
37149,62127,,
37147,62134,,
37148,62127,,
37145,62116,,
37150,62123,,
37140,62130,,
37147,62097,,
37140,62100,,
37134,62118,,
37132,62098,,
37134,62095,,
37127,62098,,
37126,62091,,
37126,62093,,
37123,62097,,
37117,62088,,
37120,62083,,
37109,62080,,
37102,62082,,
37081,62070,,
37063,62062,,
37063,62062,,
37049,62063,,
37037,62061,,
37049,62077,,
37050,62075,,
37058,62079,,
37048,62080,,
37065,62073,,
37073,62083,,
37080,62093,,
37095,62114,,
37092,62099,,
37084,62108,,
37100,62106,,
37108,62121,,
37107,62113,,
37117,62126,,
37093,62112,,
37088,62095,,
37096,62092,,
37099,62094,,
37104,62082,,
37114,62083,,
37110,62104,,
37123,62111,,
37112,62098,,
37118,62118,,
37121,62116,,
37123,62113,,
37120,62100,,
37125,62093,,
37119,62109,,
37123,62103,,
37125,62099,,
37121,62092,,
37136,62106,,
37131,62113,,
37135,62120,,
37136,62123,,
37136,62133,,
37136,62120,,
37144,62134,,
37144,62137,,
37145,62159,,
37143,62155,,
37144,62155,,
37146,62154,,
37153,62166,,
37153,62162,,
37153,62162,,
37160,62176,,
37153,62156,,
37157,62164,,
37164,62172,,
37164,62159,,
37166,62177,,
37159,62170,,
37163,62167,,
37168,62171,,
37167,62170,,
37168,62162,,
37170,62164,,
37172,62167,,
37170,62162,,
37168,62181,,
37170,62166,,
37168,62165,,
37174,62172,,
37166,62165,,
37170,62186,,
37171,62176,,
37162,62168,,
37169,62176,,
37169,62180,,
37171,62181,,
37166,62177,,
37167,62170,,
37164,62175,,
37169,62158,,
37166,62173,,
37166,62169,,
37171,62176,,
37174,62179,,
37176,62191,,
37163,62181,,
37170,62191,,
37170,62189,,
37166,62181,,
37173,62187,,
37172,62200,,
37169,62200,,
37177,62197,,
37174,62185,,
37170,62189,,
37168,62178,,
37180,62177,,
37170,62187,,
37177,62177,,
37173,62163,,
37173,62172,,
37162,62167,,
37166,62165,,
37169,62165,,
37164,62165,,
37174,62175,,
37168,62168,,
37170,62173,,
37164,62180,,
37164,62167,,
37164,62167,,
37163,62175,,
37152,62154,,
37153,62158,,
37143,62161,,
37148,62155,,
37134,62144,,
37147,62140,,
37146,62140,,
37140,62133,,
37140,62159,,
37138,62145,,
37135,62136,,
37136,62145,,
37140,62150,,
37130,62153,,
37129,62159,,
37128,62148,,
37133,62161,,
37128,62159,,
37132,62161,,
37137,62161,,
37134,62143,,
37136,62168,,
37134,62152,,
37138,62163,,
37124,62143,,
37136,62153,,
37131,62141,,
37124,62134,,
37129,62136,,
37137,62144,,
37129,62134,,
37133,62147,,
37127,62144,,
37131,62152,,
37126,62147,,
37137,62159,,
37131,62141,,
37126,62141,,
37133,62152,,
37133,62151,,
37140,62149,,
37140,62156,,
37133,62137,,
37138,62151,,
37125,62163,142,100
37135,62147,,
37143,62159,,
37132,62159,,
37132,62159,,
37140,62159,,
37134,62154,,
37136,62166,,
37129,62167,,
37134,62153,,
37138,62172,,
37141,62164,,
37148,62175,,
37142,62155,,
37139,62176,,
37138,62173,,
37139,62172,,
37135,62156,,
37143,62165,,
37133,62171,,
37136,62157,,
37143,62148,,
37137,62158,,
37134,62156,,
37141,62151,,
37132,62143,,
37145,62156,,
37137,62156,,
37141,62140,,
37130,62168,,
37141,62153,,
37140,62161,,
37140,62150,,
37151,62160,,
37142,62154,,
37148,62175,,
37146,62154,,
37145,62167,,
37144,62167,,
37153,62161,,
37154,62175,,
37151,62158,,
37149,62162,,
37158,62174,,
37146,62174,,
37153,62187,,
37143,62188,,
37149,62163,,
37157,62185,,
37147,62174,,
37155,62191,,
37149,62170,,
37147,62187,,
37149,62183,,
37153,62181,,
37152,62177,,
37146,62191,,
37149,62179,,
37150,62178,,
37157,62181,,
37150,62178,,
37147,62175,,
37147,62176,,
37158,62179,,
37158,62179,,
37149,62169,,
37152,62173,,
37146,62163,,
37150,62160,,
37152,62187,,
37151,62164,,
37155,62173,,
37157,62178,,
37155,62169,,
37150,62161,,
37152,62183,,
37152,62187,,
37165,62185,,
37147,62183,,
37155,62185,,
37156,62179,,
37159,62176,,
37162,62179,,
37154,62173,,
37161,62190,,
37151,62183,,
37165,62191,,
37165,62199,,
37165,62194,,
37173,62197,,
37161,62194,,
37157,62201,,
37171,62190,,
37170,62196,,
37177,62215,,
37169,62217,,
37171,62216,,
37168,62187,,
37174,62199,,
37161,62197,,
37164,62187,,
37171,62182,,
37168,62185,,
37172,62190,,
37164,62171,,
37166,62177,,
37165,62180,,
37167,62180,,
37169,62188,,
37170,62188,,
37171,62183,,
37177,62183,,
37175,62196,,
37181,62189,,
37180,62182,,
37175,62196,,
37177,62190,,
37176,62201,,
37176,62201,,
37181,62205,,
37181,62209,,
37185,62207,,
37178,62213,,
37176,62208,,
37192,62219,,
37187,62214,,
37183,62221,,
37176,62226,,
37190,62227,,
37190,62227,,
37189,62227,,
37193,62237,,
37195,62252,,
37183,62233,,
37186,62235,,
37192,62249,,
37189,62245,,
37198,62245,,
37200,62226,,
37180,62237,,
37188,62233,,
37200,62233,,
37191,62216,,
37194,62225,,
37195,62237,,
37183,62230,,
37188,62225,,
37196,62227,,
37191,62218,,
37196,62233,,
37193,62220,,
37190,62245,,
37192,62237,,
37197,62233,,
37195,62245,,
37190,62235,,
37198,62240,,
37195,62234,,
37203,62232,,
37198,62229,,
37200,62254,,
37193,62232,,
37204,62232,,
37200,62253,,
37199,62231,,
37206,62248,,
37202,62236,,
37209,62257,,
37199,62247,,
37200,62249,,
37202,62257,,
37208,62259,,
37200,62251,,
37209,62267,,
37201,62255,,
37200,62251,,
37202,62251,,
37205,62241,,
37205,62241,,
37208,62248,,
37206,62235,,
37205,62244,,
37198,62226,,
37203,62228,,
37197,62239,,
37205,62238,,
37198,62236,,
37205,62234,,
37212,62244,,
37205,62224,,
37213,62235,,
37206,62224,,
37206,62210,,
37204,62214,,
37196,62185,,
37188,62203,,
37175,62182,,
37182,62199,,
37175,62189,,
37170,62184,,
37171,62172,130,91
37180,62187,,
37176,62190,,
37184,62204,,
37175,62194,,
37183,62206,,
37180,62215,,
37191,62219,,
37193,62234,,
37202,62242,,
37210,62238,,
37212,62237,,
37202,62235,,
37202,62234,,
37202,62224,,
37205,62236,,
37201,62226,,
37202,62221,,
37207,62225,,
37192,62209,,
37201,62220,,
37197,62212,,
37193,62210,,
37197,62211,,
37201,62198,,
37201,62202,,
37194,62207,,
37197,62207,,
37197,62207,,
37198,62215,,
37193,62223,,
37204,62208,,
37200,62218,,
37203,62226,,
37198,62213,,
37199,62219,,
37206,62215,,
37206,62215,,
37203,62206,,
37213,62229,,
37209,62214,,
37213,62220,,
37209,62215,,
37214,62226,,
37211,62225,,
37210,62216,,
37204,62211,,
37213,62218,,
37206,62213,,
37209,62201,,
37215,62217,,
37212,62217,,
37217,62230,,
37233,62251,,
37227,62233,,
37228,62237,,
37216,62239,,
37227,62235,,
37226,62242,,
37220,62225,,
37232,62225,,
37220,62227,,
37229,62226,,
37221,62239,,
37221,62226,,
37214,62230,,
37217,62220,,
37226,62224,,
37229,62225,,
37229,62236,,
37224,62225,,
37228,62227,,
37229,62237,,
37227,62243,,
37231,62252,,
37230,62237,,
37230,62253,,
37234,62241,,
37225,62238,,
37234,62247,,
37237,62243,,
37237,62258,,
37232,62254,,
37233,62237,,
37232,62253,,
37237,62252,,
37237,62252,,
37243,62250,,
37236,62250,,
37236,62263,,
37227,62261,,
37235,62252,,
37234,62268,,
37229,62259,,
37241,62266,,
37242,62276,,
37232,62254,,
37235,62251,,
37233,62258,,
37228,62245,,
37230,62233,,
37218,62230,,
37234,62227,,
37228,62228,,
37226,62243,,
37219,62218,,
37227,62235,,
37223,62232,,
37222,62228,,
37228,62241,,
37224,62228,,
37219,62231,,
37225,62241,,
37225,62244,,
37225,62246,,
37236,62251,,
37229,62247,,
37233,62264,,
37225,62237,,
37238,62241,,
37234,62240,,
37229,62248,,
37231,62248,,
37227,62247,,
37227,62247,,
37232,62247,,
37226,62255,,
37227,62255,,
37235,62250,,
37230,62252,,
37234,62271,,
37225,62240,,
37230,62259,,
37229,62265,,
37228,62249,,
37232,62255,,
37227,62255,,
37230,62254,,
37220,62234,,
37220,62246,,
37213,62230,,
37221,62240,,
37221,62229,,
37213,62230,,
37215,62230,,
37215,62210,,
37214,62223,,
37214,62223,,
37217,62229,,
37208,62216,,
37212,62230,,
37210,62219,,
37208,62220,,
37220,62227,,
37211,62221,,
37217,62237,,
37210,62215,,
37221,62228,,
37209,62224,,
37208,62230,,
37208,62248,,
37218,62240,,
37209,62220,,
37216,62235,,
37214,62243,,
37213,62231,,
37222,62237,,
37217,62247,,
37216,62242,,
37211,62240,,
37216,62240,,
37214,62250,,
37220,62248,,
37207,62242,,
37222,62245,,
37221,62262,,
37212,62254,,
37216,62262,,
37212,62238,,
37212,62244,,
37209,62238,,
37208,62224,,
37216,62228,,
37213,62219,,
37211,62235,,
37203,62219,,
37207,62234,,
37205,62224,,
37209,62222,,
37214,62220,,
37209,62223,,
37205,62232,,
37207,62211,,
37204,62225,,
37204,62225,,
37201,62224,,
37206,62227,,
37208,62223,,
37204,62223,,
37212,62215,,
37212,62224,90,89
37212,62224,,
37223,62241,,
37225,62252,,
37225,62252,,
37214,62247,,
37222,62234,,
37212,62257,,
37224,62243,,
37225,62256,,
37222,62263,,
37226,62272,,
37233,62261,,
37217,62259,,
37227,62253,,
37230,62266,,
37224,62265,,
37222,62259,,
37228,62271,,
37215,62245,,
37221,62245,,
37213,62252,,
37218,62244,,
37221,62245,,
37217,62242,,
37224,62237,,
37219,62233,,
37211,62228,,
37220,62241,,
37216,62235,,
37222,62252,,
37219,62250,,
37228,62244,,
37218,62240,,
37229,62249,,
37217,62249,,
37222,62236,,
37228,62260,,
37226,62240,,
37232,62256,,
37224,62254,,
37226,62254,,
37232,62255,,
37237,62275,,
37223,62264,,
37232,62264,,
37233,62255,,
37233,62263,,
37234,62274,,
37232,62266,,
37240,62272,,
37236,62266,,
37232,62274,,
37238,62273,,
37238,62273,,
37236,62276,,
37241,62271,,
37234,62254,,
37236,62262,,
37235,62260,,
37232,62253,,
37231,62245,,
37233,62250,,
37224,62238,,
37230,62227,,
37234,62231,,
37229,62220,,
37234,62243,,
37234,62229,,
37231,62223,,
37233,62247,,
37231,62234,,
37239,62243,,
37247,62259,,
37247,62262,,
37241,62258,,
37247,62266,,
37245,62266,,
37244,62257,,
37250,62247,,
37243,62255,,
37239,62256,,
37249,62259,,
37244,62256,,
37250,62272,,
37242,62254,,
37248,62263,,
37262,62284,,
37259,62271,,
37268,62294,,
37264,62301,,
37264,62289,,
37271,62292,,
37270,62287,,
37273,62296,,
37272,62282,,
37273,62289,,
37264,62280,,
37266,62286,,
37260,62276,,
37259,62267,,
37266,62267,,
37262,62274,,
37267,62262,,
37261,62256,,
37272,62266,,
37258,62254,,
37267,62249,,
37269,62263,,
37261,62255,,
37277,62271,,
37267,62268,,
37258,62260,,
37262,62250,,
37262,62250,,
37261,62248,,
37259,62248,,
37262,62252,,
37256,62255,,
37266,62275,,
37253,62253,,
37268,62267,,
37267,62272,,
37261,62267,,
37270,62285,,
37266,62262,,
37270,62281,,
37269,62267,,
37274,62295,,
37263,62281,,
37267,62287,,
37274,62285,,
37258,62293,,
37261,62289,,
37273,62286,,
37262,62282,,
37264,62289,,
37262,62278,,
37258,62286,,
37247,62255,,
37261,62270,,
37248,62263,,
37248,62254,,
37255,62258,,
37253,62255,,
37256,62261,,
37246,62251,,
37247,62253,,
37250,62259,,
37244,62265,,
37255,62263,,
37246,62262,,
37244,62258,,
37243,62255,,
37259,62283,,
37244,62255,,
37251,62255,,
37249,62266,,
37255,62248,,
37251,62268,,
37244,62254,,
37253,62277,,
37251,62275,,
37247,62244,,
37247,62244,,
37244,62278,,
37244,62269,,
37244,62278,,
37254,62275,,
37250,62269,,
37252,62278,,
37245,62272,,
37244,62283,,
37249,62282,,
37248,62276,,
37254,62281,,
37240,62269,,
37245,62256,,
37248,62260,,
37246,62254,,
37251,62255,,
37241,62254,,
37246,62254,,
37235,62257,,
37239,62254,,
37237,62246,,
37245,62252,,
37239,62247,,
37245,62262,,
37237,62249,,
37239,62265,,
37232,62271,,
37242,62256,,
37238,62257,,
37245,62255,,
37251,62268,,
37245,62263,,
37250,62277,,
37236,62258,,
37251,62262,,
37236,62266,76,86
37250,62272,,
37242,62257,,
37243,62279,,
37248,62277,,
37240,62272,,
37248,62282,,
37253,62287,,
37249,62274,,
37258,62292,,
37250,62281,,
37245,62299,,
37243,62282,,
37244,62279,,
37243,62282,,
37241,62282,,
37243,62270,,
37249,62274,,
37238,62267,,
37246,62270,,
37237,62266,,
37243,62255,,
37249,62263,,
37238,62261,,
37238,62261,,
37249,62275,,
37240,62262,,
37239,62277,,
37235,62270,,
37240,62273,,
37249,62275,,
37247,62275,,
37243,62283,,
37243,62257,,
37243,62278,,
37241,62282,,
37248,62279,,
37237,62294,,
37240,62259,,
37239,62282,,
37233,62272,,
37234,62281,,
37242,62278,,
37229,62266,,
37240,62290,,
37230,62275,,
37238,62288,,
37236,62283,,
37234,62286,,
37231,62277,,
37234,62295,,
37239,62282,,
37230,62278,,
37236,62282,,
37231,62260,,
37232,62282,,
37231,62268,,
37227,62261,,
37236,62266,,
37226,62253,,
37229,62263,,
37227,62241,,
37231,62260,,
37225,62250,,
37219,62245,,
37226,62253,,
37226,62253,,
37223,62253,,
37234,62267,,
37221,62249,,
37225,62259,,
37234,62266,,
37224,62262,,
37224,62262,,
37231,62265,,
37229,62255,,
37225,62263,,
37229,62260,,
37231,62274,,
37230,62265,,
37225,62260,,
37235,62272,,
37234,62272,,
37236,62287,,
37240,62274,,
37234,62267,,
37236,62286,,
37239,62277,,
37235,62275,,
37246,62292,,
37237,62278,,
37237,62290,,
37230,62285,,
37231,62281,,
37236,62279,,
37230,62266,,
37234,62267,,
37231,62257,,
37227,62231,,
37221,62225,,
37218,62217,,
37221,62212,,
37209,62194,,
37216,62199,,
37223,62221,,
37222,62236,,
37246,62255,,
37250,62272,,
37260,62279,,
37266,62283,,
37269,62275,,
37261,62278,,
37260,62274,,
37252,62264,,
37261,62279,,
37266,62279,,
37264,62265,,
37273,62298,,
37265,62286,,
37271,62301,,
37268,62294,,
37269,62288,,
37273,62298,,
37267,62285,,
37267,62294,,
37271,62282,,
37270,62286,,
37265,62292,,
37275,62310,,
37276,62295,,
37280,62309,,
37275,62305,,
37275,62305,,
37263,62303,,
37263,62303,,
37272,62291,,
37272,62284,,
37263,62285,,
37262,62275,,
37262,62270,,
37264,62277,,
37263,62263,,
37260,62259,,
37265,62272,,
37265,62268,,
37272,62289,,
37268,62296,,
37272,62305,,
37274,62291,,
37270,62294,,
37270,62283,,
37277,62285,,
37267,62279,,
37270,62297,,
37275,62304,,
37281,62293,,
37283,62303,,
37283,62312,,
37281,62309,,
37280,62302,,
37287,62314,,
37283,62299,,
37286,62304,,
37281,62314,,
37284,62304,,
37293,62324,,
37299,62307,,
37298,62332,,
37296,62336,,
37296,62329,,
37298,62331,,
37301,62317,,
37295,62321,,
37298,62334,,
37291,62315,,
37293,62324,,
37288,62320,,
37288,62318,,
37283,62305,,
37292,62305,,
37291,62298,,
37290,62314,,
37295,62316,,
37292,62310,,
37292,62310,,
37293,62309,,
37288,62322,,
37291,62314,,
37283,62318,,
37293,62312,,
37298,62330,,
37286,62317,,
37294,62328,,
37299,62324,,
37291,62324,,
37292,62336,,
37289,62327,,
37293,62321,,
37299,62341,,
37292,62342,,
37292,62339,52,90
37289,62339,,
37293,62335,,
37290,62337,,
37302,62342,,
37307,62352,,
37301,62338,,
37301,62352,,
37296,62344,,
37298,62344,,
37292,62340,,
37288,62328,,
37292,62327,,
37296,62324,,
37293,62317,,
37296,62316,,
37295,62310,,
37296,62324,,
37287,62332,,
37293,62319,,
37300,62328,,
37303,62330,,
37312,62361,,
37310,62351,,
37309,62350,,
37319,62371,,
37316,62376,,
37312,62375,,
37318,62363,,
37319,62369,,
37328,62371,,
37321,62380,,
37322,62377,,
37316,62370,,
37320,62375,,
37325,62374,,
37329,62380,,
37325,62392,,
37320,62379,,
37333,62386,,
37328,62377,,
37332,62396,,
37319,62386,,
37324,62386,,
37323,62403,,
37323,62403,,
37323,62405,,
37330,62403,,
37322,62397,,
37326,62412,,
37316,62389,,
37330,62389,,
37311,62377,,
37323,62372,,
37327,62381,,
37319,62368,,
37328,62381,,
37320,62367,,
37326,62360,,
37326,62377,,
37327,62371,,
37328,62391,,
37317,62374,,
37324,62373,,
37328,62387,,
37322,62387,,
37330,62385,,
37327,62376,,
37332,62387,,
37334,62394,,
37335,62390,,
37334,62389,,
37328,62388,,
37334,62391,,
37335,62392,,
37339,62384,,
37336,62399,,
37329,62394,,
37340,62393,,
37342,62398,,
37342,62399,,
37344,62393,,
37343,62389,,
37339,62403,,
37341,62399,,
37348,62404,,
37353,62395,,
37348,62397,,
37353,62393,,
37343,62376,,
37352,62397,,
37344,62392,,
37345,62365,,
37345,62365,,
37348,62380,,
37351,62372,,
37346,62364,,
37338,62374,,
37348,62377,,
37339,62362,,
37341,62363,,
37344,62368,,
37343,62369,,
37338,62371,,
37345,62374,,
37346,62365,,
37350,62370,,
37341,62372,,
37344,62361,,
37347,62365,,
37347,62362,,
37353,62364,,
37353,62382,,
37345,62382,,
37350,62379,,
37338,62376,,
37344,62386,,
37351,62386,,
37341,62385,,
37354,62385,,
37345,62385,,
37337,62389,,
37346,62375,,
37351,62393,,
37343,62388,,
37348,62396,,
37339,62386,,
37338,62394,,
37350,62392,,
37343,62401,,
37346,62404,,
37345,62386,,
37341,62383,,
37344,62376,,
37332,62360,,
37340,62372,,
37324,62361,,
37326,62353,,
37334,62355,,
37327,62354,,
37333,62359,,
37323,62359,,
37331,62367,,
37339,62366,,
37340,62373,,
37337,62367,,
37336,62371,,
37338,62358,,
37338,62353,,
37339,62377,,
37333,62356,,
37339,62373,,
37335,62366,,
37332,62372,,
37343,62373,,
37343,62373,,
37331,62372,,
37348,62392,,
37342,62375,,
37343,62387,,
37351,62391,,
37338,62381,,
37336,62392,,
37345,62393,,
37337,62386,,
37340,62386,,
37345,62400,,
37346,62402,,
37346,62397,,
37338,62397,,
37346,62389,,
37351,62404,,
37345,62390,,
37344,62390,,
37339,62376,,
37342,62376,,
37340,62378,,
37333,62384,,
37342,62367,,
37339,62384,,
37346,62379,,
37350,62375,,
37343,62382,,
37348,62388,,
37343,62397,,
37339,62388,,
37355,62394,,
37345,62392,,
37353,62390,,
37346,62394,,
37351,62393,,
37346,62390,,
37351,62395,,
37355,62395,,
37346,62402,,
37354,62387,,
37362,62401,,
37346,62404,,
37355,62409,,
37349,62384,,
37359,62412,52,86
37357,62407,,
37351,62407,,
37357,62418,,
37354,62399,,
37363,62413,,
37353,62411,,
37353,62411,,
37363,62420,,
37360,62414,,
37357,62407,,
37348,62404,,
37358,62407,,
37353,62389,,
37355,62380,,
37360,62400,,
37350,62390,,
37360,62392,,
37360,62392,,
37360,62389,,
37352,62391,,
37363,62397,,
37370,62409,,
37361,62402,,
37368,62408,,
37365,62404,,
37364,62416,,
37356,62409,,
37367,62405,,
37374,62412,,
37363,62421,,
37369,62410,,
37368,62424,,
37375,62421,,
37377,62421,,
37377,62416,,
37381,62433,,
37369,62423,,
37377,62428,,
37385,62429,,
37380,62442,,
37380,62431,,
37381,62439,,
37385,62449,,
37378,62447,,
37387,62455,,
37388,62448,,
37392,62452,,
37382,62452,,
37383,62434,,
37386,62445,,
37388,62424,,
37382,62444,,
37374,62420,,
37378,62406,,
37379,62435,,
37373,62422,,
37386,62438,,
37367,62416,,
37382,62413,,
37378,62419,,
37377,62407,,
37377,62422,,
37375,62414,,
37379,62425,,
37384,62425,,
37384,62425,,
37377,62429,,
37379,62430,,
37382,62433,,
37385,62430,,
37378,62423,,
37378,62431,,
37383,62420,,
37384,62429,,
37387,62434,,
37391,62450,,
37383,62440,,
37384,62444,,
37392,62453,,
37391,62430,,
37380,62440,,
37388,62455,,
37388,62443,,
37392,62458,,
37392,62448,,
37394,62458,,
37380,62459,,
37391,62451,,
37390,62462,,
37394,62464,,
37397,62462,,
37395,62452,,
37387,62448,,
37397,62443,,
37394,62436,,
37399,62444,,
37391,62427,,
37394,62431,,
37381,62433,,
37386,62438,,
37396,62426,,
37400,62440,,
37391,62424,,
37389,62421,,
37396,62437,,
37390,62431,,
37400,62437,,
37394,62447,,
37396,62435,,
37407,62448,,
37406,62434,,
37401,62450,,
37394,62448,,
37404,62444,,
37405,62439,,
37403,62455,,
37405,62458,,
37406,62451,,
37404,62454,,
37402,62455,,
37413,62465,,
37398,62459,,
37408,62448,,
37406,62467,,
37408,62460,,
37405,62457,,
37404,62472,,
37404,62472,,
37409,62457,,
37412,62488,,
37407,62461,,
37405,62460,,
37401,62456,,
37407,62458,,
37405,62442,,
37413,62462,,
37405,62441,,
37403,62451,,
37397,62442,,
37408,62441,,
37401,62448,,
37398,62451,,
37411,62459,,
37400,62448,,
37409,62455,,
37401,62448,,
37407,62463,,
37408,62460,,
37411,62465,,
37407,62460,,
37406,62467,,
37404,62459,,
37409,62454,,
37407,62453,,
37407,62454,,
37413,62472,,
37407,62449,,
37410,62468,,
37410,62470,,
37411,62465,,
37422,62470,,
37419,62454,,
37414,62481,,
37417,62463,,
37417,62463,,
37421,62480,,
37413,62470,,
37420,62475,,
37416,62472,,
37421,62458,,
37423,62469,,
37414,62451,,
37412,62455,,
37415,62460,,
37406,62460,,
37417,62447,,
37417,62447,,
37405,62442,,
37405,62442,,
37424,62444,,
37416,62454,,
37414,62454,,
37422,62440,,
37413,62449,,
37421,62462,,
37416,62436,,
37417,62464,,
37413,62441,,
37417,62452,,
37415,62462,,
37421,62457,,
37419,62466,,
37412,62446,,
37423,62461,,
37416,62459,,
37421,62455,,
37434,62451,,
37418,62435,,
37418,62442,,
37403,62425,100,89
37406,62439,,
37401,62434,,
37410,62435,,
37416,62444,,
37418,62463,,
37431,62486,,
37428,62488,,
37441,62496,,
37437,62489,,
37438,62485,,
37441,62476,,
37443,62473,,
37437,62456,,
37427,62452,,
37432,62448,,
37422,62431,,
37420,62423,,
37417,62431,,
37420,62416,,
37423,62429,,
37422,62432,,
37430,62439,,
37441,62454,,
37443,62462,,
37446,62459,,
37444,62466,,
37447,62453,,
37453,62462,,
37450,62455,,
37454,62453,,
37450,62461,,
37449,62435,,
37454,62451,,
37452,62440,,
37456,62451,,
37453,62445,,
37456,62461,,
37456,62461,,
37465,62472,,
37475,62470,,
37484,62487,,
37475,62483,,
37477,62481,,
37477,62487,,
37490,62480,,
37486,62498,,
37478,62490,,
37477,62488,,
37482,62488,,
37481,62483,,
37489,62478,,
37481,62467,,
37479,62453,,
37489,62456,,
37488,62449,,
37482,62465,,
37481,62460,,
37479,62454,,
37478,62446,,
37484,62457,,
37479,62451,,
37482,62470,,
37475,62457,,
37479,62461,,
37476,62465,,
37478,62460,,
37485,62455,,
37481,62463,,
37490,62454,,
37483,62461,,
37483,62473,,
37485,62472,,
37484,62476,,
37489,62476,,
37483,62458,,
37489,62469,,
37491,62477,,
37483,62461,,
37493,62482,,
37485,62483,,
37494,62469,,
37500,62484,,
37490,62488,,
37495,62499,,
37491,62495,,
37491,62495,,
37497,62495,,
37507,62489,,
37504,62502,,
37500,62491,,
37499,62487,,
37500,62482,,
37496,62483,,
37504,62477,,
37497,62468,,
37499,62470,,
37503,62461,,
37504,62456,,
37508,62455,,
37503,62473,,
37505,62450,,
37501,62462,,
37499,62464,,
37505,62465,,
37517,62462,,
37512,62457,,
37511,62479,,
37510,62460,,
37508,62469,,
37516,62467,,
37512,62474,,
37517,62484,,
37517,62467,,
37521,62484,,
37524,62479,,
37522,62479,,
37518,62478,,
37521,62475,,
37521,62482,,
37518,62484,,
37517,62496,,
37533,62490,,
37526,62484,,
37533,62497,,
37526,62490,,
37530,62497,,
37532,62492,,
37532,62499,,
37532,62508,,
37543,62495,,
37536,62491,,
37530,62504,,
37531,62483,,
37536,62470,,
37529,62482,,
37534,62476,,
37542,62470,,
37541,62462,,
37543,62480,,
37538,62465,,
37548,62466,,
37541,62473,,
37549,62466,,
37550,62461,,
37550,62463,,
37550,62469,,
37550,62469,,
37540,62447,,
37514,62392,,
37512,62388,,
37488,62364,,
37471,62348,,
37457,62318,,
37436,62283,,
37394,62224,,
37363,62188,,
37366,62178,,
37402,62256,,
37444,62313,,
37464,62367,,
37492,62376,,
37502,62405,,
37511,62426,,
37525,62441,,
37539,62467,,
37553,62478,,
37570,62492,,
37581,62501,,
37603,62520,,
37626,62531,,
37643,62544,,
37668,62558,,
37680,62570,,
37690,62560,,
37704,62583,,
37711,62581,,
37721,62572,,
37738,62559,,
37747,62567,,
37744,62558,,
37757,62561,,
37749,62558,,
37767,62561,,
37760,62564,,
37755,62555,,
37759,62543,,
37761,62530,,
37771,62536,,
37760,62524,,
37767,62512,,
37758,62490,,
37753,62485,,
37742,62471,,
37740,62449,,
37730,62438,,
37729,62419,,
37728,62387,,
37728,62387,,
37720,62358,,
37716,62335,65,97
37717,62324,,
37699,62298,,
37711,62282,,
37699,62261,,
37705,62266,,
37701,62258,,
37709,62266,,
37707,62256,,
37705,62243,,
37709,62246,,
37714,62241,,
37706,62240,,
37727,62265,,
37732,62255,,
37730,62264,,
37734,62274,,
37722,62258,,
37738,62265,,
37726,62257,,
37737,62250,,
37742,62278,,
37737,62263,,
37745,62274,,
37754,62315,,
37763,62326,,
37779,62357,,
37787,62378,,
37806,62433,,
37817,62467,,
37829,62496,,
37841,62530,,
37843,62529,,
37851,62542,,
37850,62552,,
37860,62574,,
37867,62577,,
37873,62587,,
37880,62608,,
37880,62605,,
37884,62636,,
37886,62628,,
37898,62631,,
37898,62654,,
37894,62652,,
37894,62648,,
37910,62662,,
37905,62672,,
37905,62665,,
37919,62672,,
37915,62668,,
37917,62670,,
37916,62685,,
37917,62682,,
37920,62680,,
37922,62668,,
37922,62668,,
37923,62672,,
37913,62654,,
37919,62656,,
37911,62648,,
37908,62650,,
37909,62630,,
37916,62631,,
37915,62633,,
37915,62632,,
37927,62652,,
37919,62656,,
37933,62644,,
37921,62642,,
37927,62656,,
37936,62650,,
37927,62651,,
37937,62670,,
37932,62647,,
37935,62660,,
37928,62656,,
37936,62648,,
37938,62657,,
37935,62655,,
37933,62644,,
37943,62672,,
37944,62648,,
37947,62674,,
37945,62684,,
37942,62672,,
37950,62680,,
37949,62668,,
37953,62691,,
37946,62688,,
37954,62690,,
37962,62699,,
37960,62686,,
37961,62689,,
37956,62683,,
37964,62678,,
37967,62667,,
37964,62672,,
37954,62665,,
37966,62661,,
37950,62660,,
37959,62648,,
37963,62668,,
37960,62661,,
37969,62668,,
37969,62668,,
37957,62652,,
37966,62672,,
37969,62665,,
37976,62661,,
37971,62667,,
37971,62684,,
37967,62674,,
37977,62662,,
37980,62689,,
37979,62673,,
37987,62682,,
37976,62688,,
37980,62685,,
37999,62684,,
37990,62694,,
37995,62698,,
37992,62704,,
37990,62707,,
37999,62711,,
38001,62714,,
37993,62713,,
38002,62701,,
38006,62723,,
38004,62722,,
38017,62726,,
38015,62727,,
38009,62729,,
38008,62709,,
38011,62713,,
38007,62702,,
38009,62712,,
38005,62690,,
38009,62699,,
38011,62681,,
38008,62684,,
38011,62686,,
38012,62688,,
38005,62678,,
38012,62680,,
38007,62677,,
38013,62684,,
38015,62684,,
38013,62685,,
38023,62697,,
38019,62681,,
38020,62686,,
38022,62693,,
38021,62687,,
38034,62705,,
38027,62691,,
38028,62707,,
38018,62692,,
38029,62701,,
38028,62707,,
38031,62693,,
38034,62708,,
38035,62697,,
38043,62715,,
38032,62704,,
38042,62726,,
38039,62713,,
38046,62708,,
38046,62708,,
38053,62725,,
38049,62723,,
38057,62736,,
38054,62737,,
38053,62734,,
38049,62718,,
38058,62735,,
38062,62708,,
38048,62714,,
38055,62710,,
38055,62682,,
38059,62704,,
38055,62690,,
38065,62690,,
38056,62675,,
38060,62705,,
38051,62678,,
38055,62692,,
38058,62689,,
38063,62685,,
38056,62696,,
38070,62702,,
38069,62693,,
38074,62710,,
38067,62693,,
38068,62710,,
38068,62694,,
38070,62701,,
38061,62696,,
38068,62698,,
38072,62694,,
38070,62709,49,81
38078,62706,,
38075,62688,,
38085,62717,,
38083,62703,,
38084,62722,,
38075,62717,,
38081,62714,,
38084,62712,,
38086,62720,,
38093,62731,,
38088,62709,,
38094,62727,,
38087,62719,,
38087,62724,,
38087,62724,,
38098,62718,,
38091,62712,,
38091,62712,,
38090,62698,,
38081,62697,,
38092,62696,,
38089,62685,,
38088,62683,,
38091,62671,,
38086,62682,,
38085,62677,,
38082,62676,,
38082,62676,,
38096,62667,,
38093,62689,,
38094,62693,,
38092,62686,,
38096,62672,,
38096,62698,,
38093,62682,,
38095,62698,,
38097,62691,,
38102,62695,,
38107,62692,,
38106,62683,,
38112,62701,,
38102,62701,,
38110,62706,,
38115,62723,,
38119,62713,,
38112,62719,,
38120,62722,,
38115,62729,,
38119,62725,,
38120,62733,,
38125,62730,,
38132,62738,,
38118,62730,,
38127,62739,,
38121,62734,,
38132,62737,,
38133,62736,,
38128,62720,,
38133,62712,,
38124,62720,,
38127,62702,,
38134,62713,,
38133,62705,,
38125,62720,,
38120,62699,,
38132,62708,,
38122,62708,,
38127,62697,,
38130,62695,,
38132,62700,,
38140,62702,,
38137,62697,,
38142,62720,,
38137,62710,,
38138,62708,,
38138,62708,,
38132,62713,,
38144,62693,,
38146,62713,,
38141,62716,,
38155,62719,,
38149,62708,,
38154,62737,,
38143,62717,,
38151,62720,,
38165,62735,,
38158,62733,,
38165,62760,,
38153,62739,,
38160,62733,,
38163,62754,,
38164,62738,,
38161,62759,,
38160,62753,,
38167,62746,,
38170,62755,,
38171,62758,,
38189,62774,,
38179,62766,,
38186,62779,,
38171,62761,,
38183,62750,,
38174,62748,,
38182,62742,,
38186,62749,,
38174,62740,,
38183,62735,,
38176,62744,,
38182,62737,,
38187,62747,,
38188,62750,,
38186,62740,,
38197,62750,,
38201,62764,,
38187,62749,,
38194,62748,,
38190,62753,,
38195,62739,,
38205,62757,,
38195,62748,,
38197,62758,,
38199,62746,,
38196,62736,,
38206,62747,,
38195,62760,,
38203,62769,,
38206,62766,,
38206,62755,,
38209,62772,,
38209,62765,,
38208,62770,,
38219,62770,,
38215,62766,,
38210,62765,,
38220,62778,,
38215,62758,,
38218,62769,,
38218,62769,,
38215,62786,,
38220,62771,,
38224,62773,,
38223,62764,,
38215,62760,,
38218,62760,,
38225,62763,,
38217,62753,,
38220,62760,,
38217,62751,,
38220,62745,,
38223,62745,,
38213,62753,,
38224,62750,,
38217,62744,,
38215,62742,,
38222,62749,,
38214,62742,,
38218,62736,,
38222,62748,,
38224,62741,,
38225,62757,,
38225,62744,,
38226,62748,,
38229,62739,,
38223,62736,,
38235,62757,,
38223,62745,,
38234,62749,,
38235,62742,,
38232,62750,,
38242,62765,,
38240,62756,,
38239,62778,,
38247,62760,,
38248,62770,,
38238,62756,,
38245,62776,,
38236,62775,,
38240,62772,,
38248,62776,,
38245,62767,,
38252,62783,,
38241,62784,,
38247,62771,,
38242,62774,,
38245,62747,,
38246,62749,,
38247,62755,,
38247,62755,,
38242,62740,,
38250,62748,,
38247,62752,,
38242,62745,,
38249,62747,,
38243,62723,,
38248,62739,,
38249,62745,,
38243,62728,,
38259,62739,,
38251,62735,,
38253,62746,62,80
38247,62730,,
38251,62743,,
38259,62752,,
38254,62741,,
38250,62747,,
38256,62751,,
38259,62756,,
38262,62757,,
38255,62749,,
38258,62760,,
38260,62758,,
38259,62752,,
38273,62765,,
38266,62759,,
38271,62768,,
38262,62763,,
38271,62775,,
38265,62780,,
38269,62761,,
38277,62772,,
38269,62787,,
38270,62777,,
38274,62790,,
38270,62785,,
38275,62783,,
38284,62772,,
38277,62760,,
38279,62752,,
38273,62754,,
38269,62739,,
38274,62738,,
38267,62738,,
38259,62724,,
38261,62726,,
38255,62726,,
38258,62728,,
38258,62721,,
38264,62728,,
38262,62729,,
38267,62715,,
38268,62730,,
38264,62712,,
38271,62741,,
38266,62729,,
38274,62739,,
38271,62745,,
38276,62725,,
38276,62725,,
38287,62746,,
38287,62739,,
38289,62755,,
38278,62752,,
38297,62773,,
38292,62762,,
38289,62764,,
38303,62784,,
38291,62786,,
38296,62775,,
38303,62776,,
38300,62783,,
38306,62795,,
38297,62783,,
38298,62782,,
38303,62799,,
38300,62789,,
38302,62793,,
38300,62792,,
38305,62778,,
38307,62786,,
38311,62791,,
38303,62774,,
38303,62761,,
38303,62752,,
38303,62766,,
38305,62762,,
38301,62759,,
38310,62769,,
38313,62754,,
38311,62761,,
38306,62763,,
38312,62771,,
38302,62772,,
38302,62773,,
38307,62758,,
38308,62780,,
38314,62762,,
38309,62771,,
38313,62756,,
38322,62769,,
38311,62756,,
38320,62770,,
38311,62770,,
38320,62781,,
38313,62787,,
38315,62790,,
38324,62795,,
38323,62792,,
38323,62792,,
38333,62784,,
38320,62795,,
38331,62808,,
38325,62811,,
38328,62800,,
38332,62785,,
38333,62802,,
38328,62817,,
38328,62801,,
38334,62806,,
38334,62796,,
38340,62800,,
38328,62794,,
38339,62798,,
38337,62793,,
38336,62793,,
38325,62785,,
38334,62777,,
38335,62781,,
38334,62775,,
38335,62785,,
38332,62773,,
38331,62794,,
38330,62784,,
38336,62776,,
38337,62785,,
38333,62778,,
38338,62782,,
38333,62770,,
38337,62784,,
38334,62794,,
38330,62789,,
38332,62770,,
38338,62792,,
38341,62803,,
38337,62793,,
38342,62797,,
38325,62786,,
38335,62791,,
38343,62787,,
38332,62798,,
38341,62786,,
38341,62792,,
38343,62782,,
38343,62801,,
38336,62782,,
38337,62789,,
38351,62798,,
38345,62805,,
38347,62805,,
38338,62796,,
38342,62780,,
38342,62791,,
38341,62774,,
38346,62774,,
38342,62767,,
38342,62778,,
38332,62771,,
38339,62777,,
38339,62777,,
38339,62779,,
38332,62759,,
38340,62768,,
38348,62776,,
38341,62766,,
38337,62769,,
38339,62777,,
38335,62775,,
38337,62760,,
38349,62776,,
38341,62768,,
38354,62780,,
38350,62783,,
38355,62773,,
38350,62794,,
38349,62784,,
38345,62777,,
38355,62795,,
38343,62780,,
38352,62802,,
38353,62795,,
38352,62794,,
38350,62802,,
38361,62799,,
38354,62800,,
38350,62806,,
38355,62800,,
38350,62802,,
38363,62815,,
38353,62807,,
38356,62813,,
38361,62817,,
38346,62799,,
38364,62804,,
38355,62788,,
38362,62800,,
38355,62778,,
38349,62786,,
38345,62778,,
38342,62767,,
38350,62764,,
38348,62763,90,82
38353,62777,,
38342,62761,,
38352,62765,,
38345,62776,,
38352,62767,,
38352,62767,,
38352,62765,,
38347,62769,,
38349,62765,,
38353,62761,,
38357,62785,,
38350,62768,,
38354,62769,,
38349,62770,,
38356,62774,,
38363,62781,,
38358,62771,,
38359,62786,,
38355,62778,,
38355,62776,,
38368,62790,,
38364,62783,,
38365,62782,,
38363,62788,,
38363,62782,,
38360,62783,,
38363,62781,,
38371,62788,,
38368,62785,,
38369,62792,,
38367,62785,,
38363,62785,,
38370,62789,,
38367,62781,,
38371,62784,,
38360,62767,,
38364,62771,,
38363,62762,,
38361,62751,,
38360,62742,,
38357,62732,,
38341,62715,,
38334,62678,,
38331,62662,,
38310,62617,,
38291,62557,,
38246,62454,,
38193,62313,,
38109,62104,,
37981,61847,,
37867,61624,,
37769,61448,,
37692,61348,,
37596,61249,,
37512,61156,,
37401,61071,,
37342,61040,,
37298,60979,,
37261,61010,,
37261,61041,,
37186,60933,,
37138,60853,,
37083,60770,,
37029,60739,,
36993,60700,,
36955,60694,,
36931,60698,,
36931,60698,,
36893,60651,,
36858,60612,,
36811,60564,,
36782,60554,,
36755,60529,,
36706,60491,,
36599,60355,,
36468,60206,,
36333,60069,,
36174,59904,,
35871,59600,,
35479,59210,,
34858,58483,,
34504,57664,,
37098,59900,,
43664,893,,
44911,1718,,
45492,2111,,
45775,2309,,
45913,2424,,
45984,2458,,
46017,2497,,
45973,2480,,
45887,2462,,
45876,2475,,
45842,2441,,
45822,2450,,
45782,2420,,
45737,2403,,
45679,2389,,
45649,2353,,
45631,2348,,
45639,2354,,
45701,2387,,
45732,2416,,
45684,2386,,
45582,2341,,
45457,2267,,
45480,2267,,
45519,2284,,
45555,2329,,
45492,2318,,
45469,2277,,
45492,2290,,
45594,2339,,
45653,2381,,
45637,2362,,
45238,2109,,
45238,2109,,
43524,869,,
41614,64970,,
39762,63323,,
39118,62689,,
38724,62384,,
38577,62326,,
38265,62033,,
37907,61686,,
37619,61389,,
37378,61248,,
37208,61084,,
37009,60901,,
36934,60836,,
37226,61129,,
37737,61689,,
38343,62481,,
38840,64039,,
39745,989,,
44566,5627,,
49107,8283,,
52589,9969,,
53235,9931,,
48920,6809,,
41893,910,,
39727,64413,,
39502,64318,,
39467,64372,,
39478,64414,,
39480,64434,,
39487,64451,,
39471,64435,,
39489,64407,,
39471,64374,,
39456,64328,,
39428,64279,,
39398,64211,,
39362,64150,,
39329,64075,,
39299,64016,,
39254,63923,,
39216,63822,,
39233,63778,,
39336,63842,,
39719,64175,,
41281,324,,
43758,2722,,
44245,3166,,
44591,3420,,
45512,4011,,
46478,4523,,
46141,4287,,
46142,4281,,
46437,4434,,
46534,4475,,
46376,4369,,
46388,4340,,
46619,4496,,
46705,4535,,
46620,4482,,
46548,4415,,
46548,4415,,
46589,4415,,
46665,4464,,
46655,4435,,
46674,4443,,
46707,4454,,
46753,4476,,
46721,4440,,
46690,4422,,
46716,4417,,
46710,4410,,
46748,4430,,
46747,4428,,
46750,4395,,
46765,4396,,
46729,4362,,
46737,4357,,
46791,4387,,
46807,4381,,
46808,4385,,
46810,4369,,
46863,4395,,
46970,4464,115,-56
