IR Value,Red Value
1167,1642
1163,1631
1173,1645
1157,1630
1170,1640
1169,1640
1162,1630
1174,1643
1158,1630
1158,1630
1171,1639
1168,1642
1160,1629
1172,1644
1155,1629
1171,1638
1168,1643
1160,1628
1175,1643
1159,1632
1171,1638
1170,1642
1160,1626
1173,1643
1159,1631
1172,1638
1170,1642
1159,1626
1172,1644
1157,1630
1170,1636
1169,1642
1161,1626
1172,1645
1160,1632
1169,1635
1170,1643
1158,1626
1174,1644
1159,1632
1169,1636
1168,1641
1158,1626
1172,1642
1161,1632
1168,1635
1169,1643
1158,1628
1172,1642
1162,1634
1167,1634
1170,1643
1158,1625
1174,1642
1162,1634
1167,1634
1170,1642
1158,1627
1171,1641
1162,1635
1166,1633
1170,1643
1159,1627
1172,1643
1162,1634
1166,1632
1170,1642
1156,1626
1156,1626
1171,1640
1162,1633
1164,1631
1168,1641
1156,1625
1171,1641
1162,1636
1165,1630
1170,1643
1171,1642
1164,1636
1164,1636
1165,1633
1158,1628
1173,1642
1163,1638
1165,1634
1174,1645
1158,1629
1173,1644
1165,1640
1165,1633
1175,1645
1159,1630
1172,1643
1165,1641
1162,1631
1173,1644
1159,1629
1171,1640
1166,1641
1161,1630
1161,1630
1174,1645
1156,1629
1172,1639
1167,1641
1162,1629
1173,1645
1157,1628
1170,1638
1167,1639
1162,1629
1173,1644
1158,1628
1170,1640
1169,1641
1162,1630
1174,1646
1159,1631
1173,1641
1172,1643
1164,1631
1175,1646
1161,1634
1172,1641
1172,1645
1166,1633
1177,1647
1163,1636
1172,1641
1172,1645
1164,1630
1177,1647
1162,1635
1172,1641
1174,1645
1163,1631
1175,1648
1163,1635
1173,1641
1174,1646
1163,1632
1177,1647
1164,1638
1174,1642
1175,1649
1163,1631
1179,1651
1164,1638
1164,1638
1174,1642
1174,1649
1164,1632
1178,1650
1166,1640
1170,1638
1174,1646
1161,1630
1176,1645
1166,1638
1169,1637
1175,1646
1159,1629
1176,1643
1165,1639
1167,1634
1173,1644
1158,1628
1174,1644
1164,1634
1167,1633
1173,1644
1159,1628
1174,1641
1164,1636
1166,1632
1171,1642
1156,1625
1173,1641
1164,1636
1165,1630
1172,1644
1157,1626
1172,1641
1164,1636
1165,1632
1173,1644
1157,1628
1171,1639
1164,1636
1162,1629
1172,1642
1157,1626
1170,1638
1163,1636
1162,1628
1169,1639
1156,1624
1169,1638
1163,1635
1162,1629
1169,1640
1156,1625
1167,1635
1163,1634
1159,1627
1170,1638
1156,1625
1169,1635
1163,1636
1163,1636
1160,1625
1173,1639
1155,1625
1169,1637
1166,1640
1161,1629
1171,1641
1156,1627
1169,1637
1166,1637
1161,1627
1170,1638
1156,1624
1168,1634
1164,1636
1159,1624
1169,1637
1155,1626
1165,1632
1165,1636
1160,1625
1170,1639
1157,1627
1167,1633
1166,1638
1157,1622
1170,1638
1154,1627
1168,1632
1168,1638
1157,1623
1174,1641
1159,1630
1168,1635
1167,1638
1158,1625
1170,1640
1161,1635
1169,1641
1174,1650
1166,1640
1177,1654
1170,1650
1179,1655
1180,1663
1170,1648
1185,1665
1174,1656
1180,1657
1180,1657
1184,1668
1171,1649
1194,1677
1187,1676
1199,1685
1204,1698
1191,1682
1206,1697
1193,1683
1199,1681
1200,1688
1185,1669
1203,1687
1190,1680
1194,1679
1199,1690
1184,1676
1199,1692
1187,1685
1190,1680
1191,1688
1179,1672
1190,1681
1181,1674
1182,1671
1184,1676
1175,1663
1186,1676
1180,1670
1182,1668
1191,1681
1179,1669
1194,1684
1188,1680
1188,1674
1196,1686
1180,1667
1197,1683
1190,1681
1192,1676
1202,1692
1186,1673
1202,1691
1194,1687
1194,1679
1203,1693
1184,1674
1201,1689
1190,1684
1188,1677
1198,1690
1181,1673
1193,1684
1186,1679
1183,1672
1190,1683
1178,1670
1188,1678
1184,1677
1184,1677
1181,1669
1187,1680
1178,1668
1190,1679
1186,1680
1184,1673
1194,1685
1182,1673
1195,1685
1193,1685
1189,1674
1200,1687
1184,1669
1196,1679
1193,1680
1188,1668
1201,1685
1183,1671
1195,1682
1194,1686
1187,1677
1201,1693
1186,1680
1195,1689
1191,1688
1185,1678
1193,1688
1182,1677
1190,1682
1189,1685
1185,1674
1195,1687
1184,1679
1193,1682
1196,1690
1188,1677
1202,1694
1188,1682
1199,1689
1198,1692
1189,1676
1204,1695
1189,1682
1201,1688
1199,1691
1189,1678
1203,1695
1190,1684
1190,1684
1199,1689
1199,1696
1188,1680
1201,1696
1188,1688
1193,1687
1197,1694
1182,1676
1196,1689
1187,1683
1190,1682
1194,1690
1181,1674
1197,1689
1187,1684
1194,1683
1198,1693
1183,1676
1201,1692
1191,1687
1194,1683
1202,1692
1185,1676
1202,1692
1193,1686
1195,1682
1202,1693
1186,1677
1203,1692
1194,1688
1195,1686
1199,1695
1186,1680
1199,1692
1190,1687
1192,1683
1198,1693
1184,1678
1195,1689
1189,1687
1188,1681
1196,1692
1184,1679
1197,1690
1191,1688
1189,1681
1200,1693
1184,1679
1199,1691
1191,1687
1191,1680
1202,1694
1186,1678
1200,1691
1194,1689
1191,1681
1203,1695
1187,1679
1201,1693
1195,1689
1192,1682
1192,1682
1200,1695
1187,1682
1198,1692
1195,1692
1188,1682
1200,1694
1185,1680
1193,1689
1194,1691
1187,1680
1199,1694
1184,1678
1195,1688
1194,1691
1187,1680
1199,1694
1183,1679
1197,1688
1194,1690
1190,1679
1200,1693
1186,1681
1197,1687
1196,1690
1189,1677
1200,1692
1188,1682
1196,1688
1197,1691
1187,1678
1201,1693
1187,1684
1195,1687
1197,1693
1187,1679
1198,1691
1186,1681
1191,1685
1194,1691
1185,1678
1198,1691
1187,1683
1192,1684
1196,1693
1187,1678
1198,1694
1189,1685
1189,1685
1196,1688
1186,1678
1201,1695
1191,1685
1196,1686
1199,1695
1187,1679
1200,1693
1190,1684
1196,1685
1199,1695
1185,1678
1201,1693
1189,1686
1194,1686
1199,1694
1186,1678
1199,1691
1189,1688
1192,1685
1197,1696
1184,1678
1184,1678
1198,1693
1191,1687
1190,1682
1199,1695
1183,1679
1198,1693
1190,1685
1191,1683
1198,1695
1185,1678
1199,1691
1193,1688
1191,1682
1200,1695
1185,1679
1200,1691
1193,1689
1190,1682
1200,1694
1185,1680
1199,1691
1194,1690
1189,1682
1200,1696
1186,1680
1197,1691
1192,1690
1190,1683
1196,1693
1184,1680
1196,1690
1192,1689
1190,1681
1199,1693
1186,1680
1195,1689
1194,1691
1189,1681
1200,1694
1186,1682
1198,1688
1195,1692
1189,1680
1200,1694
1185,1680
1197,1688
1197,1693
1189,1679
1200,1694
1186,1682
1186,1682
1196,1688
1195,1692
1189,1681
1201,1694
1186,1685
1194,1690
1195,1693
1188,1680
1199,1697
1186,1685
1196,1690
1197,1694
1188,1680
1200,1697
1187,1686
1197,1689
1197,1693
1187,1678
1200,1696
1188,1685
1195,1688
1197,1693
1186,1679
1201,1694
1189,1686
1195,1687
1198,1695
1188,1680
1201,1696
1190,1688
1194,1687
1198,1694
1185,1680
1199,1695
1189,1687
1193,1686
1198,1695
1185,1678
1200,1694
1188,1685
1194,1686
1197,1692
1184,1678
1199,1695
1190,1685
1194,1687
1197,1694
1183,1678
1199,1693
1192,1687
1192,1683
1199,1695
1185,1678
1199,1693
1191,1688
1192,1683
1199,1695
1185,1678
1199,1693
1191,1687
1192,1683
1192,1683
1198,1695
1184,1679
1199,1693
1193,1689
1192,1685
1198,1695
1185,1680
1199,1693
1192,1689
1191,1684
1197,1694
1185,1680
1198,1692
1193,1691
1191,1681
1199,1693
1185,1679
1199,1690
1194,1690
1190,1684
1199,1694
1185,1681
1198,1691
1193,1690
1190,1681
1200,1695
1186,1682
1199,1691
1194,1691
1189,1684
1199,1695
1185,1681
1197,1691
1194,1693
1190,1682
1199,1693
1185,1681
1196,1688
1196,1692
1189,1682
1197,1694
1187,1683
1196,1690
1196,1693
1188,1682
1199,1694
1186,1684
1196,1689
1198,1694
1186,1680
1199,1694
1199,1694
1186,1684
1196,1688
1196,1693
1188,1680
1199,1694
1188,1685
1195,1687
1196,1692
1186,1678
1199,1693
1187,1686
1193,1687
1195,1695
1185,1680
1199,1694
1189,1687
1195,1690
1197,1695
1185,1679
1200,1694
1189,1686
1195,1685
1198,1695
1185,1678
1200,1694
1188,1685
1193,1683
1197,1691
1182,1675
1197,1688
1186,1679
1190,1676
1193,1683
1176,1661
1192,1676
1178,1663
1182,1657
1184,1665
1166,1643
1182,1657
1170,1648
1170,1640
1176,1651
1158,1631
1174,1647
1163,1640
1164,1634
1170,1645
1154,1624
1167,1636
1156,1629
1155,1622
1160,1628
1146,1612
1158,1624
1153,1621
1152,1616
1161,1628
1145,1613
1158,1624
1153,1622
1150,1614
1161,1628
1145,1611
1161,1625
1152,1621
1150,1612
1161,1626
1161,1626
1145,1609
1160,1624
1151,1621
1151,1614
1161,1628
1145,1611
1161,1624
1155,1622
1152,1614
1161,1627
1147,1612
1160,1622
1159,1624
1152,1612
1163,1628
1147,1613
1161,1624
1159,1627
1154,1615
1164,1631
1148,1612
1161,1624
1155,1623
1150,1611
1163,1628
1148,1613
1161,1621
1158,1625
1150,1611
1162,1626
1147,1613
1159,1620
1158,1624
1150,1610
1161,1627
1147,1615
1156,1621
1159,1624
1146,1608
1162,1626
1148,1613
1156,1618
1156,1622
1146,1607
1162,1625
1147,1616
1155,1619
1159,1626
1145,1607
1162,1627
1162,1627
1148,1616
1156,1619
1161,1626
1146,1606
1162,1627
1147,1614
1156,1618
1157,1625
1162,1628
1149,1616
1149,1616
1157,1618
1161,1626
1145,1609
1163,1627
1151,1615
1156,1618
1159,1625
1146,1607
1160,1624
1150,1618
1155,1616
1158,1627
1143,1608
1161,1626
1149,1617
1154,1614
1160,1627
1144,1608
1162,1626
1150,1618
1153,1614
1159,1626
1144,1607
1160,1625
1150,1619
1153,1613
1158,1627
1145,1610
1160,1624
1153,1621
1152,1613
1162,1626
1144,1608
1160,1623
1153,1620
1151,1613
1163,1627
1145,1610
1160,1622
1152,1621
1151,1611
1160,1623
1145,1608
1160,1622
1152,1623
1150,1612
1161,1627
1144,1609
1144,1609
1159,1621
1154,1621
1151,1609
1162,1626
1144,1609
1159,1623
1154,1622
1149,1610
1162,1627
1146,1611
1160,1621
1156,1623
1151,1611
1161,1625
1146,1612
1158,1619
1156,1622
1147,1611
1161,1626
1147,1613
1159,1622
1158,1624
1149,1608
1162,1626
1145,1611
1159,1621
1155,1622
1149,1608
1160,1626
1147,1613
1158,1620
1157,1623
1148,1609
1161,1626
1148,1614
1159,1620
1158,1625
1146,1609
1162,1627
1147,1615
1158,1619
1159,1627
1146,1607
1163,1628
1147,1615
1158,1619
1158,1626
1146,1610
1162,1628
1162,1628
1156,1617
1160,1628
1144,1607
1161,1625
1148,1616
1157,1617
1159,1626
1144,1608
1162,1626
1150,1617
1150,1617
1156,1617
1159,1626
1145,1609
1160,1624
1150,1617
1154,1615
1161,1627
1144,1610
1163,1626
1152,1619
1154,1614
1161,1627
1143,1608
1160,1625
1152,1619
1153,1614
1161,1628
1144,1608
1163,1625
1153,1621
1152,1613
1161,1627
1143,1609
1160,1624
1152,1621
1153,1613
1162,1628
1145,1609
1160,1625
1152,1622
1151,1614
1161,1626
1145,1608
1160,1624
1155,1621
1151,1614
1161,1628
1145,1611
1159,1621
1156,1623
1152,1613
1162,1627
1145,1610
1161,1624
1157,1625
1151,1612
1161,1626
1144,1611
1160,1622
1160,1622
1158,1624
1151,1612
1161,1628
1146,1612
1160,1623
1155,1623
1149,1609
1163,1627
1145,1612
1160,1622
1157,1625
1148,1609
1161,1626
1147,1613
1159,1620
1159,1625
1148,1608
1162,1625
1147,1615
1159,1621
1157,1624
1146,1609
1161,1627
1146,1614
1159,1620
1159,1626
1146,1607
1161,1627
1148,1614
1158,1620
1159,1624
1145,1607
1161,1625
1148,1615
1158,1619
1157,1624
1145,1608
1161,1626
1149,1616
1155,1618
1159,1626
1146,1608
1162,1625
1148,1615
1156,1617
1159,1624
1146,1610
1160,1626
1150,1618
1154,1616
1159,1626
1144,1608
1162,1625
1149,1617
1154,1614
1160,1627
1145,1608
1160,1623
1150,1618
1152,1613
1161,1625
1161,1625
1144,1608
1160,1626
1151,1619
1152,1613
1160,1626
1144,1610
1159,1623
1152,1620
1152,1613
1162,1624
1144,1608
1162,1624
1151,1619
1152,1615
1160,1626
1143,1608
1160,1624
1152,1620
1150,1612
1161,1626
1145,1609
1161,1623
1153,1620
1151,1612
1160,1626
1144,1609
1159,1623
1155,1622
1151,1613
1162,1626
1146,1611
1158,1622
1155,1623
1151,1611
1161,1627
1145,1612
1159,1622
1156,1624
1150,1611
1162,1628
1145,1610
1160,1622
1156,1625
1152,1609
1163,1628
1145,1610
1158,1620
1156,1624
1150,1610
1150,1610
1163,1627
1146,1611
1159,1621
1156,1623
1149,1610
1162,1625
1145,1612
1158,1619
1158,1624
1146,1609
1162,1626
1145,1615
1156,1620
1157,1624
1145,1608
1161,1626
1149,1615
1158,1619
1158,1624
1147,1609
1160,1625
1148,1615
1155,1619
1158,1626
1144,1607
1162,1626
1150,1617
1156,1617
1158,1627
1144,1607
1161,1625
1149,1616
1156,1617
1157,1625
1144,1608
1160,1624
1150,1617
1155,1616
1159,1627
1144,1609
1160,1624
1149,1618
1155,1615
1161,1628
1144,1608
1161,1626
1150,1616
1153,1613
1160,1626
1143,1609
1161,1626
1151,1619
1152,1612
1161,1627
1145,1610
1161,1624
1152,1621
1152,1613
1162,1628
1162,1628
1144,1609
1160,1624
1152,1621
1152,1613
1162,1627
1144,1609
1160,1625
1153,1621
1151,1612
1162,1627
1145,1612
1161,1623
1155,1622
1152,1614
1164,1627
1144,1611
1159,1623
1154,1622
1149,1612
1163,1627
1145,1611
1161,1622
1156,1624
1150,1612
1161,1627
1145,1611
1159,1621
1156,1623
1151,1611
1161,1627
1147,1612
1159,1621
1156,1625
1150,1610
1161,1626
1147,1612
1159,1621
1157,1625
1150,1610
1161,1627
1147,1614
1158,1620
1157,1625
1149,1609
1160,1626
1147,1614
1157,1619
1158,1625
1158,1625
1147,1609
1162,1624
1149,1615
1155,1618
1157,1625
1144,1607
1161,1625
1148,1614
1156,1620
1157,1624
1144,1607
1161,1626
1150,1616
1155,1617
1160,1627
1144,1606
1161,1626
1149,1616
1155,1616
1161,1627
1145,1607
1162,1626
1150,1618
1154,1614
1161,1626
1143,1606
1161,1624
1150,1618
1154,1614
1161,1627
1144,1608
1161,1625
1151,1618
1154,1614
1159,1626
1145,1609
1159,1623
1153,1619
1152,1613
1161,1626
1143,1607
1161,1624
1153,1620
1153,1614
1162,1627
1144,1608
1160,1625
1152,1621
1151,1613
1162,1626
1145,1609
1160,1624
1153,1621
1149,1613
1163,1628
1144,1608
1160,1622
1153,1622
1150,1612
1150,1612
1160,1629
1143,1608
1158,1622
1154,1623
1151,1612
1162,1627
1144,1611
1161,1622
1155,1622
1150,1610
1161,1626
1146,1612
1161,1620
1156,1622
1148,1610
1162,1626
1147,1611
1159,1620
1158,1625
1147,1609
1162,1628
1145,1612
1158,1620
1158,1624
1149,1609
1161,1625
1147,1614
1157,1620
1157,1625
1146,1608
1162,1626
1147,1614
1157,1618
1159,1625
1145,1606
1162,1626
1146,1614
1157,1618
1158,1626
1146,1608
1160,1625
1147,1615
1155,1617
1158,1624
1145,1608
1161,1626
1151,1616
1155,1617
1155,1617
1158,1626
1145,1608
1161,1625
1151,1617
1156,1616
1160,1626
1144,1607
1160,1626
1151,1616
1156,1615
1158,1626
1143,1608
1161,1625
1150,1618
1154,1614
1159,1626
1144,1607
1160,1624
1152,1620
1151,1613
1161,1627
1145,1609
1163,1624
1151,1619
1153,1613
1162,1628
1143,1609
1162,1624
1152,1620
1152,1614
1160,1626
1146,1610
1158,1621
1154,1620
1151,1612
1162,1626
1145,1610
1159,1623
1156,1622
1150,1611
1161,1625
1146,1610
1159,1623
1156,1623
1149,1610
1162,1627
1144,1610
1159,1620
1157,1623
1150,1610
1161,1627
1144,1609
1159,1621
1156,1625
1149,1609
1162,1626
1146,1612
1157,1619
1157,1624
1148,1608
1161,1627
1161,1627
1148,1613
1156,1618
1156,1624
1144,1608
1161,1625
1147,1615
1156,1617
1159,1625
1144,1607
1162,1626
1148,1614
1156,1618
1158,1625
1145,1606
1162,1627
1149,1615
1156,1619
1160,1626
1145,1607
1162,1627
1148,1615
1155,1616
1159,1625
1144,1606
1161,1625
1149,1617
1156,1616
1159,1625
1144,1607
1160,1624
1150,1616
1156,1615
1159,1625
1144,1608
1159,1624
1150,1617
1155,1615
1160,1628
1144,1607
1162,1626
1152,1618
1153,1615
1159,1626
1144,1608
1161,1624
1151,1620
1151,1620
1153,1614
1162,1627
1145,1609
1159,1622
1155,1621
1151,1613
1161,1626
1144,1609
1160,1624
1155,1622
1162,1627
1145,1609
1161,1623
1161,1623
1155,1621
1150,1612
1161,1626
1145,1611
1161,1623
1153,1621
1151,1611
1162,1627
1146,1611
1159,1620
1156,1623
1150,1610
1161,1627
1145,1610
1160,1620
1157,1623
1150,1609
1161,1626
1146,1611
1157,1620
1159,1624
1148,1609
1160,1626
1147,1612
1157,1618
1158,1624
1145,1607
1162,1625
1147,1613
1157,1619
1156,1623
1145,1606
1162,1625
1147,1614
1157,1619
1158,1624
1146,1608
1159,1624
1148,1614
1156,1617
1159,1625
1145,1607
1161,1623
1149,1617
1155,1616
1160,1624
1144,1606
1144,1606
1162,1625
1150,1617
1154,1616
1159,1627
1143,1607
1161,1624
1151,1618
1155,1615
1160,1625
1143,1607
1161,1626
1149,1618
1153,1614
1161,1628
1143,1607
1160,1624
1152,1619
1153,1615
1161,1627
1143,1608
1160,1625
1151,1619
1151,1612
1161,1628
1143,1607
1160,1623
1152,1620
1152,1612
1162,1627
1145,1608
1161,1624
1152,1621
1149,1613
1160,1625
1144,1608
1160,1623
1153,1621
1150,1611
1161,1626
1144,1609
1160,1622
1155,1623
1150,1612
1161,1626
1145,1611
1160,1622
1157,1621
1149,1612
1160,1625
1160,1625
1157,1619
1157,1623
1149,1608
1162,1626
1144,1612
1159,1621
1156,1623
1148,1609
1160,1624
1146,1613
1156,1618
1156,1618
1157,1625
1146,1607
1162,1626
1147,1612
1156,1621
1156,1623
1146,1607
1159,1625
1148,1614
1156,1619
1157,1623
1146,1606
1161,1625
1149,1615
1155,1616
1157,1624
1145,1608
1161,1624
1149,1617
1155,1616
1157,1624
1144,1607
1162,1625
1151,1618
1155,1616
1158,1624
1144,1606
1161,1625
1150,1618
1155,1616
1158,1625
1144,1607
1160,1623
1150,1616
1153,1614
1160,1624
1145,1609
1160,1624
1152,1619
1152,1612
1159,1625
1144,1607
1161,1624
1151,1618
1152,1614
1160,1624
1144,1608
1161,1623
1152,1620
1152,1620
1152,1611
1162,1627
1144,1608
1160,1623
1152,1618
1150,1610
1161,1625
1144,1610
1158,1622
1152,1620
1150,1611
1161,1625
1144,1609
1159,1621
1153,1621
1149,1611
1162,1626
1145,1611
1157,1620
1154,1624
1149,1609
1159,1623
1145,1610
1158,1621
1157,1622
1148,1607
1159,1626
1145,1611
1159,1621
1155,1622
1150,1609
1161,1626
1145,1611
1157,1619
1158,1623
1148,1608
1160,1626
1147,1614
1155,1618
1159,1625
1144,1608
1159,1624
1146,1613
1157,1617
1157,1625
1146,1608
1160,1624
1148,1614
1155,1617
1157,1625
1145,1607
1162,1626
1150,1615
1154,1616
1158,1625
1145,1607
1161,1624
1150,1618
1150,1618
1155,1615
1159,1627
1144,1608
1161,1624
1150,1616
1155,1614
1160,1627
1143,1606
1161,1624
1150,1616
1153,1615
1160,1626
1144,1609
1159,1624
1151,1618
1152,1614
1160,1626
1145,1608
1160,1624
1151,1619
1151,1612
1160,1625
1144,1607
1162,1624
1152,1620
1152,1614
1159,1626
1143,1607
1161,1622
1153,1621
1151,1614
1161,1624
1145,1609
1160,1622
1152,1620
1152,1612
1162,1626
1145,1610
1157,1621
1153,1621
1151,1611
1161,1626
1145,1610
1158,1620
1155,1621
1149,1612
1160,1626
1145,1610
1145,1610
1158,1620
1155,1623
1149,1609
1160,1624
1145,1611
1159,1620
1156,1622
1148,1609
1162,1627
1144,1611
1158,1621
1156,1622
1147,1608
1161,1625
1146,1611
1157,1620
1157,1622
1148,1606
1160,1625
1146,1611
1157,1619
1157,1622
1147,1608
1161,1625
1147,1613
1155,1618
1157,1624
1146,1606
1161,1624
1147,1613
1156,1615
1158,1625
1144,1606
1161,1625
1148,1614
1155,1618
1159,1625
1144,1606
1159,1625
1148,1615
1155,1616
1158,1624
1145,1607
1159,1622
1148,1615
1154,1614
1157,1625
1144,1607
1161,1626
1149,1615
1155,1615
1157,1624
1143,1605
1160,1624
1151,1616
1154,1614
1157,1624
1143,1606
1160,1623
1150,1618
1150,1618
1153,1615
1158,1626
1144,1609
1159,1623
1150,1619
1151,1613
1161,1626
1143,1609
1159,1622
1152,1618
1152,1613
1160,1625
1143,1608
1160,1623
1151,1618
1151,1612
1160,1625
1143,1609
1159,1623
1153,1620
1151,1614
1159,1624
1144,1608
1159,1621
1154,1622
1151,1610
1162,1626
1143,1610
1159,1622
1153,1621
1152,1611
1160,1625
1144,1610
1158,1620
1154,1622
1148,1608
1161,1625
1145,1610
1159,1622
1155,1623
1149,1607
1161,1626
1146,1611
1159,1620
1158,1624
1146,1609
1146,1609
1162,1627
1146,1612
1159,1618
1156,1623
1145,1606
1163,1626
1147,1612
1157,1619
1157,1623
1145,1608
1159,1625
1146,1613
1155,1618
1157,1623
1145,1607
1161,1624
1147,1615
1154,1616
1158,1624
1143,1606
1161,1626
1149,1615
1155,1617
1159,1625
1143,1605
1161,1624
1148,1616
1156,1614
1157,1627
1145,1608
1160,1625
1151,1618
1153,1615
1160,1626
1144,1608
1162,1625
1151,1619
1154,1614
1159,1627
1144,1609
1159,1624
1151,1619
1153,1615
1160,1627
1145,1610
1160,1624
1151,1621
1152,1613
1159,1626
1144,1609
1160,1625
1152,1620
1152,1614
1162,1629
1143,1608
1160,1627
1154,1621
1151,1614
1163,1627
1163,1627
1146,1609
1161,1623
1156,1622
1151,1610
1162,1625
1144,1610
1160,1621
1156,1622
1149,1611
1160,1628
1143,1610
1158,1623
1156,1624
1149,1612
1162,1628
1145,1611
1161,1621
1156,1625
1151,1613
1164,1629
1146,1613
1162,1623
1156,1625
1152,1613
1164,1629
1147,1615
1161,1624
1160,1629
1152,1612
1164,1631
1149,1615
1160,1623
1161,1628
1151,1613
1164,1630
1147,1615
1159,1622
1159,1627
1148,1610
1163,1628
1149,1616
1158,1622
1158,1627
1147,1610
1161,1627
1149,1618
1158,1621
1160,1628
1160,1628
1148,1612
1164,1628
1151,1619
1158,1621
1162,1628
1146,1611
1163,1629
1151,1619
1157,1618
1161,1628
1145,1609
1164,1628
1151,1618
1156,1618
1161,1628
1147,1610
1163,1627
1152,1619
1157,1617
1160,1627
1145,1609
1162,1626
1151,1620
1155,1618
1161,1627
1145,1609
1162,1626
1153,1621
1155,1616
1164,1630
1146,1610
1161,1627
1154,1623
1155,1617
1164,1629
1146,1613
1162,1626
1156,1624
1153,1615
1164,1629
1146,1613
1163,1626
1158,1626
1154,1615
1164,1630
1146,1612
1162,1626
1156,1625
1153,1617
1164,1631
1147,1613
1163,1626
1157,1626
1153,1617
1166,1631
1147,1614
1161,1624
1158,1625
1153,1617
1163,1630
1163,1630
1149,1614
1162,1626
1158,1627
1153,1616
1163,1629
1149,1615
1161,1623
1158,1625
1151,1613
1162,1628
1148,1615
1159,1621
1158,1626
1149,1611
1160,1625
1148,1613
1156,1620
1156,1624
1147,1608
1161,1625
1149,1615
1156,1618
1157,1624
1147,1608
1161,1625
1148,1615
1158,1620
1160,1625
1147,1609
1162,1627
1149,1617
1157,1619
1161,1628
1144,1608
1162,1628
1150,1617
1157,1618
1161,1628
1144,1607
1162,1626
1149,1617
1155,1618
1159,1626
1146,1610
1160,1625
1151,1617
1153,1613
1153,1613
1158,1625
1144,1608
1159,1622
1150,1616
1152,1612
1160,1625
1143,1608
1160,1623
1151,1617
1153,1613
1161,1627
1145,1609
1160,1624
1152,1621
1152,1614
1162,1628
1144,1608
1161,1626
1151,1620
1153,1613
1162,1628
1144,1610
1160,1625
1152,1620
1152,1613
1161,1625
1144,1609
1160,1621
1152,1619
1149,1610
1161,1625
1144,1608
1159,1621
1154,1619
1149,1610
1160,1626
1145,1611
1161,1621
1157,1621
1149,1611
1161,1626
1146,1612
1160,1622
1157,1624
1151,1611
1160,1625
1147,1611
1158,1621
1158,1622
1149,1610
1162,1626
1146,1611
1159,1620
1158,1622
1148,1607
1161,1624
1145,1612
1156,1617
1155,1623
1155,1623
1146,1606
1159,1623
1146,1613
1156,1616
1158,1625
1145,1607
1161,1625
1147,1614
1157,1617
1157,1625
1145,1606
1161,1624
1147,1615
1156,1616
1159,1625
1146,1608
1162,1626
1148,1615
1155,1616
1158,1626
1143,1607
1161,1625
1149,1616
1154,1615
1157,1625
1144,1608
1161,1623
1150,1617
1152,1613
1159,1626
1143,1607
1160,1624
1150,1617
1153,1612
1159,1625
1143,1608
1161,1625
1150,1619
1152,1613
1160,1625
1145,1609
1161,1624
1153,1620
1151,1613
1162,1628
1144,1608
1162,1622
1153,1621
1153,1612
1162,1628
1162,1628
1144,1608
1160,1622
1154,1622
1151,1611
1162,1626
1160,1622
1156,1620
1150,1612
1161,1624
1146,1611
1158,1621
1158,1621
1156,1623
1149,1609
1160,1625
1146,1611
1159,1621
1156,1622
1150,1610
1162,1627
1147,1610
1160,1623
1158,1623
1148,1608
1159,1625
1146,1612
1159,1619
1158,1625
1146,1607
1162,1626
1146,1613
1157,1618
1158,1624
1147,1607
1161,1626
1146,1613
1156,1616
1157,1624
1146,1607
1161,1626
1147,1615
1155,1615
1158,1625
1145,1608
1160,1625
1149,1615
1154,1615
1158,1625
1144,1606
1162,1624
1149,1616
1154,1616
1160,1626
1143,1605
1161,1626
1150,1617
1155,1615
1158,1625
1143,1607
1143,1607
1161,1624
1151,1616
1154,1615
1159,1624
1144,1607
1158,1623
1150,1618
1153,1613
1160,1624
1144,1606
1161,1623
1151,1618
1150,1612
1158,1625
1144,1607
1160,1624
1153,1619
1152,1613
1160,1625
1145,1608
1159,1622
1152,1618
1152,1612
1161,1626
1145,1609
1160,1621
1154,1620
1152,1612
1162,1627
1144,1608
1160,1621
1154,1621
1151,1612
1162,1625
1145,1609
1159,1620
1155,1622
1147,1609
1160,1625
1144,1610
1158,1620
1154,1622
1149,1610
1161,1626
1145,1611
1158,1619
1156,1623
1148,1609
1161,1625
1145,1611
1158,1619
1156,1623
1147,1606
1161,1626
1147,1614
1157,1618
1156,1623
1147,1608
1161,1625
1146,1612
1146,1612
1156,1616
1158,1624
1146,1605
1161,1625
1146,1612
1156,1617
1159,1624
1146,1607
1160,1625
1148,1613
1156,1618
1159,1625
1145,1607
1160,1626
1149,1615
1154,1616
1158,1624
1144,1606
1161,1624
1149,1616
1155,1615
1159,1626
1145,1608
1160,1624
1151,1617
1152,1614
1159,1624
1144,1607
1160,1623
1149,1616
1152,1612
1160,1625
1144,1606
1160,1625
1150,1616
1153,1612
1160,1626
1144,1607
1161,1625
1151,1618
1151,1612
1161,1626
1145,1608
1160,1624
1151,1619
1151,1613
1160,1626
1144,1608
1144,1608
1161,1625
1151,1619
1151,1613
1159,1625
1144,1608
1159,1622
1153,1620
1150,1611
1158,1623
1143,1608
1158,1620
1154,1621
1147,1609
1161,1625
1146,1613
1159,1621
1157,1622
1148,1610
1161,1627
1144,1610
1159,1620
1156,1623
1149,1609
1162,1627
1145,1611
1158,1620
1156,1624
1149,1608
1161,1626
1145,1612
1157,1620
1157,1621
1148,1611
1158,1624
1146,1612
1156,1618
1157,1622
1146,1607
1159,1622
1146,1612
1156,1617
1156,1623
1146,1607
1160,1622
1148,1612
1154,1617
1158,1625
1144,1606
1159,1623
1147,1612
1155,1615
1156,1623
1144,1606
1161,1623
1149,1614
1154,1615
1158,1623
1143,1606
1159,1622
1148,1615
1148,1615
1152,1612
1157,1622
1143,1605
1158,1620
1149,1614
1151,1611
1158,1622
1143,1605
1158,1621
1150,1616
1150,1611
1157,1624
1143,1608
1159,1621
1149,1615
1150,1611
1159,1623
1143,1606
1158,1621
1150,1618
1149,1611
1161,1624
1142,1607
1158,1622
1151,1619
1149,1610
1158,1625
1141,1606
1159,1621
1152,1619
1151,1613
1159,1624
1144,1609
1158,1620
1154,1620
1147,1610
1161,1626
1144,1609
1157,1618
1153,1619
1150,1611
1160,1625
1144,1608
1158,1619
1158,1623
1147,1609
1161,1625
1161,1625
1144,1609
1157,1618
1157,1622
1148,1610
1161,1627
1144,1610
1156,1619
1156,1622
1147,1606
1160,1626
1144,1613
1157,1619
1156,1623
1147,1607
1161,1625
1146,1613
1156,1616
1157,1623
1146,1607
1160,1624
1147,1613
1156,1615
1158,1626
1145,1605
1159,1622
1146,1614
1155,1616
1157,1624
1145,1605
1160,1624
1148,1612
1154,1615
1159,1625
1144,1608
1158,1624
1149,1616
1154,1615
1157,1624
1145,1607
1161,1624
1150,1618
1153,1613
1158,1625
1143,1607
1160,1624
1150,1617
1154,1614
1158,1625
1143,1608
1159,1622
1151,1616
1151,1612
1159,1625
1144,1608
1159,1622
1150,1620
1149,1612
1159,1624
1144,1609
1144,1609
1158,1621
1151,1621
1150,1610
1160,1626
1144,1609
1159,1622
1153,1620
1150,1611
1160,1624
1144,1609
1159,1621
1153,1621
1149,1609
1161,1625
1143,1609
1159,1621
1154,1621
1149,1609
1160,1625
1145,1610
1159,1620
1155,1620
1148,1610
1159,1623
1145,1609
1157,1623
1158,1622
1149,1611
1161,1625
1146,1612
1159,1619
1158,1624
1148,1609
1161,1626
1147,1614
1156,1618
1157,1622
1145,1607
1162,1626
1147,1615
1157,1619
1158,1625
1144,1607
1161,1625
1145,1612
1155,1618
1155,1623
1145,1605
1145,1605
1158,1622
1146,1612
1153,1615
1154,1620
1144,1606
1159,1625
1148,1614
1155,1615
1157,1623
1146,1609
1161,1626
1149,1617
1156,1619
1161,1629
1146,1609
1162,1627
1153,1620
1157,1617
1163,1630
1143,1607
1162,1626
1151,1619
1155,1615
1160,1627
1142,1608
1161,1625
1150,1617
1153,1613
1158,1624
1143,1607
1156,1621
1150,1617
1146,1608
1157,1624
1141,1604
1157,1619
1150,1616
1148,1610
1156,1621
1142,1606
1157,1620
1152,1618
1150,1610
1158,1623
1142,1605
1158,1621
1152,1619
1149,1611
1160,1624
1142,1607
1157,1619
1152,1619
1149,1608
1159,1623
1144,1609
1155,1617
1152,1619
1144,1606
1156,1620
1143,1607
1143,1607
1152,1616
1150,1616
1143,1603
1155,1620
1141,1606
1152,1614
1152,1617
1144,1605
1156,1621
1144,1609
1155,1616
1153,1621
1146,1606
1159,1623
1146,1612
1157,1618
1158,1626
1144,1606
1161,1625
1146,1616
1156,1617
1157,1626
1144,1606
1159,1626
1147,1615
1154,1616
1155,1623
1144,1607
1156,1618
1146,1611
1149,1611
1151,1618
1140,1605
1153,1616
1145,1611
1146,1610
1154,1619
1139,1605
1156,1619
1150,1615
1151,1612
1158,1625
1141,1604
1159,1623
1150,1617
1151,1613
1162,1625
1143,1605
1143,1605
1162,1623
1151,1619
1151,1611
1162,1624
1142,1608
1159,1622
1152,1620
1149,1611
1160,1625
1142,1606
1155,1617
1148,1616
1145,1607
1153,1617
1139,1603
1150,1613
1148,1615
1145,1607
1154,1621
1142,1605
1154,1616
1154,1619
1146,1608
1160,1626
1142,1609
1159,1619
1155,1622
1148,1609
1160,1624
1142,1608
1158,1619
1155,1622
1148,1607
1161,1624
1144,1611
1156,1618
1155,1620
1145,1608
1158,1622
1145,1610
1151,1612
1152,1617
1142,1603
1151,1616
1143,1607
1149,1612
1150,1617
1141,1604
1154,1618
1144,1609
1152,1615
1155,1622
1143,1605
1159,1622
1146,1613
1154,1616
1157,1623
1143,1605
1161,1623
1146,1613
1153,1615
1158,1623
1158,1623
1142,1605
1158,1622
1147,1614
1153,1613
1156,1624
1143,1606
1156,1619
1147,1613
1149,1610
1155,1619
1142,1603
1153,1616
1147,1614
1144,1608
1156,1620
1140,1605
1156,1619
1149,1615
1148,1611
1157,1622
1142,1607
1157,1619
1151,1619
1148,1609
1161,1623
1141,1607
1158,1621
1152,1617
1149,1611
1159,1624
1142,1607
1158,1619
1151,1617
1148,1610
1159,1622
1143,1609
1154,1617
1152,1618
1146,1605
1157,1620
1142,1606
1154,1615
1152,1618
1143,1604
1156,1620
1142,1608
1142,1608
1155,1618
1150,1619
1146,1605
1157,1621
1144,1609
1156,1617
1154,1620
1146,1607
1158,1623
1155,1617
1154,1621
1145,1605
1159,1624
1144,1610
1144,1610
1154,1617
1154,1620
1143,1605
1158,1621
1143,1612
1152,1614
1157,1621
1140,1604
1157,1622
1144,1609
1151,1611
1157,1621
1142,1604
1157,1621
1145,1613
1152,1614
1155,1623
1142,1604
1158,1622
1147,1613
1153,1612
1156,1622
1141,1604
1158,1622
1149,1614
1152,1612
1156,1622
1141,1604
1158,1622
1148,1617
1149,1610
1157,1623
1142,1605
1158,1622
1150,1615
1150,1611
1156,1621
1141,1605
1155,1617
1149,1616
1146,1609
1157,1621
1142,1605
1157,1618
1148,1615
1148,1608
1148,1608
1157,1622
1141,1607
1157,1620
1151,1617
1148,1610
1158,1621
1142,1607
1156,1618
1152,1619
1148,1608
1159,1624
1141,1606
1157,1618
1151,1619
1149,1608
1158,1623
1142,1608
1156,1617
1154,1618
1145,1606
1157,1621
1143,1608
1156,1616
1152,1618
1145,1605
1156,1621
1142,1608
1155,1615
1152,1619
1144,1605
1157,1621
1144,1610
1154,1615
1156,1621
1144,1605
1159,1622
1144,1611
1153,1614
1155,1620
1142,1604
1158,1621
1146,1612
1152,1613
1155,1623
1143,1604
1158,1622
1145,1611
1153,1613
1155,1620
1141,1603
1157,1619
1146,1612
1151,1611
1157,1621
1141,1604
1157,1620
1147,1612
1151,1611
1156,1623
1140,1602
1140,1602
1158,1620
1147,1613
1152,1611
1155,1621
1141,1604
1157,1620
1148,1613
1150,1610
1157,1622
1141,1605
1155,1619
1147,1614
1150,1610
1157,1621
1141,1605
1155,1617
1147,1614
1148,1607
1156,1621
1140,1605
1154,1617
1148,1616
1147,1609
1156,1622
1140,1604
1157,1618
1150,1617
1147,1609
1159,1622
1141,1605
1157,1618
1150,1617
1148,1607
1159,1622
1141,1605
1156,1619
1150,1618
1145,1607
1158,1622
1141,1606
1155,1617
1151,1618
1146,1605
1158,1623
1142,1607
1155,1618
1155,1618
1145,1605
1158,1622
1158,1622
1141,1609
1152,1615
1153,1619
1146,1606
1157,1621
1144,1609
1154,1615
1153,1620
1144,1604
1156,1621
1143,1608
1153,1615
1156,1620
1144,1604
1157,1621
1145,1610
1151,1613
1155,1619
1143,1602
1158,1621
1144,1611
1152,1614
1156,1621
1142,1602
1157,1621
1146,1611
1150,1612
1157,1620
1140,1602
1157,1621
1145,1612
1151,1610
1155,1621
1140,1603
1157,1619
1146,1611
1150,1610
1155,1622
1140,1603
1157,1621
1146,1611
1152,1610
1155,1620
1140,1603
1157,1620
1147,1613
1151,1609
1157,1622
1140,1602
1157,1619
1147,1615
1150,1608
1155,1621
1141,1605
1158,1618
1149,1617
1148,1609
1157,1622
1157,1622
1141,1603
1156,1619
1149,1616
1147,1609
1156,1622
1141,1605
1156,1617
1149,1616
1146,1608
1156,1622
1141,1606
1156,1618
1151,1617
1148,1608
1157,1622
1140,1604
1155,1618
1151,1619
1146,1607
1159,1622
1140,1606
1155,1618
1152,1619
1146,1607
1158,1622
1143,1607
1156,1616
1150,1618
1145,1606
1156,1621
1141,1607
1154,1617
1153,1617
1145,1604
1158,1621
1142,1607
1154,1616
1151,1618
1145,1603
1156,1621
1143,1608
1154,1615
1153,1619
58273,17331
58291,17300
58289,17297
58273,17284
58261,17279
58248,17251
58220,17252
58211,17224
58210,17246
58184,17287
58190,17293
58197,17293
58194,17295
58188,17251
58184,17230
58194,17259
58189,17328
58200,17324
58191,17340
58211,17266
58207,17245
58221,17189
58219,17172
58218,17161
58222,17159
58224,17164
58228,17211
58217,17277
58216,17311
58200,17329
58190,17337
58132,17343
58141,17323
58138,17329
58162,17283
58183,17261
58190,17256
58118,17230
58097,17211
58121,17216
58151,17239
58151,17227
58188,17228
58176,17219
58175,17209
58139,17220
58144,17234
58126,17232
58099,17245
58101,17235
58110,17258
58139,17264
58175,17237
58178,17271
58195,17272
58181,17282
58193,17261
58175,17267
58172,17242
58171,17244
58161,17165
58148,17188
58147,17183
58159,17216
58141,17253
58151,17219
58142,17148
58158,17123
58164,17151
58161,17194
58173,17194
58156,17234
58179,17216
58176,17204
58172,17172
58153,17169
58163,17146
58161,17114
58153,17129
58148,17140
58145,17171
58155,17194
58147,17218
58149,17217
58157,17223
58151,17234
58153,17212
58133,17212
58141,17176
58141,17208
58142,17173
58100,17191
58065,17189
58063,17180
58082,17197
58087,17199
58138,17188
58090,17200
58036,17186
58027,17227
58063,17198
58115,17209
58143,17215
58154,17208
58113,17192
58120,17207
58100,17192
58070,17200
58050,17196
58059,17185
58063,17195
58089,17191
58088,17191
58089,17193
58089,17202
58086,17193
58061,17166
58031,17162
58002,17162
57986,17180
57987,17136
57998,17086
57983,17100
57939,17105
57850,17130
57785,17175
57776,17134
57783,17046
57833,17049
57865,17070
57923,17123
57954,17170
57979,17181
57978,17138
58014,17136
57966,17110
57952,17081
57943,17072
57968,17071
57954,17081
57997,17100
57946,17112
57922,17095
57911,17099
57955,17082
57998,17089
58019,17050
58019,17004
58001,16972
57994,16969
57976,16987
57961,16980
57919,16909
57923,16817
57920,16754
57948,16740
57948,16761
57990,16790
58007,16842
57994,16914
57985,16928
57958,16947
57922,16964
57909,16996
57904,16946
57876,16941
57869,16916
57886,16923
57903,16956
57884,16992
57868,16945
57864,16904
57905,16886
57947,16925
57991,16975
57978,17018
57985,17018
57958,17001
57960,16994
57904,16959
57895,16925
57883,16892
57891,16886
57914,16913
57950,16900
57993,16933
57997,16967
58023,16992
58013,16986
57973,16974
57945,16936
57965,16913
57996,16878
58018,16862
58018,16844
58044,16854
58021,16858
57993,16863
58014,16855
58056,16834
58095,16837
58069,16857
58055,16917
58037,16970
58053,16975
58059,16959
58008,16945
58022,16932
58003,16874
58015,16866
58044,16842
58056,16877
58079,16899
58060,16946
58045,16986
58017,16997
57996,17022
57983,17022
57977,16970
57969,16946
57973,16948
57967,16997
57964,17013
57957,17013
57959,17049
57958,17010
57968,17002
57965,17006
57970,17058
57969,17107
57986,17104
57973,17067
57990,17052
57996,17053
58008,17045
57973,17002
57967,17020
57953,16997
57957,17012
57961,17055
57966,17052
57955,17081
57938,17067
57912,17049
57819,17033
57815,17010
57818,16986
57824,16977
57877,16946
57866,16967
57843,16951
57833,16947
57833,16941
57859,16940
57876,16939
57924,16968
57944,16959
57923,16954
57913,16963
57893,16973
57867,16975
57856,16987
57852,16979
57836,17005
57838,16973
57843,16987
57869,16943
57868,16951
57864,16957
57851,16959
57844,16957
57836,16929
57820,16921
57802,16797
57780,16775
57772,16796
57770,16790
57777,16867
57773,16865
57777,16807
57776,16804
57783,16804
57787,16837
57779,16850
57787,16901
57786,16919
57785,16905
57804,16882
57792,16852
57796,16827
57783,16799
57797,16805
57786,16786
57774,16785
57782,16811
57770,16837
57768,16835
57763,16837
57763,16804
57753,16794
57737,16797
57737,16770
57742,16759
57728,16720
57699,16710
57659,16723
57639,16724
57652,16715
57672,16731
57717,16731
57684,16734
57646,16737
57656,16723
57679,16746
57719,16751
57746,16759
57751,16755
57740,16738
57707,16760
57735,16740
57719,16742
57708,16753
57719,16726
57719,16751
57749,16712
57783,16718
57822,16697
57830,16697
57826,16715
57806,16689
57806,16695
57787,16706
57796,16694
57777,16637
57780,16594
57800,16562
57790,16577
57798,16604
57794,16662
57787,16645
57780,16570
57770,16558
57782,16578
57781,16658
57754,16690
57723,16689
57733,16659
57722,16650
57750,16647
57765,16660
57742,16622
57694,16658
57674,16670
57699,16694
57719,16729
57719,16764
57727,16780
57684,16786
57617,16760
57575,16762
57568,16739
57528,16740
57517,16747
57491,16733
57513,16735
57532,16749
57566,16735
57593,16738
57617,16716
57627,16721
57629,16725
57618,16736
57606,16722
57616,16702
57620,16641
57631,16679
57618,16665
57593,16706
57600,16709
57578,16663
57585,16632
57582,16586
57581,16640
57583,16635
57581,16635
57593,16670
57592,16601
57603,16534
57609,16499
57626,16470
57650,16411
57694,16425
57710,16385
57756,16414
57750,16409
57772,16491
57771,16512
57792,16532
57804,16551
57803,16555
57814,16549
57818,16532
57825,16525
57788,16539
57788,16556
57795,16538
57796,16516
57833,16503
57869,16496
57846,16497
57786,16481
57801,16483
57820,16476
57886,16510
57899,16506
57932,16501
57891,16528
57883,16539
57875,16553
57859,16555
57831,16627
57834,16644
57845,16680
57865,16691
57873,16722
57889,16728
57882,16727
57899,16753
57887,16740
57863,16783
57864,16772
57846,16787
57850,16755
57849,16755
57839,16748
57825,16754
57835,16815
57824,16857
57829,16796
57819,16743
57837,16743
57835,16767
57837,16834
57831,16872
57852,16897
57836,16856
57847,16847
57845,16839
57835,16802
57815,16786
57826,16777
57822,16775
57825,16812
57819,16816
57824,16866
57816,16840
57806,16863
57815,16852
57790,16839
57777,16812
57774,16793
57772,16805
57772,16776
57759,16780
57729,16766
57689,16776
57692,16769
57689,16785
57715,16774
57730,16791
57686,16784
57643,16791
57599,16777
57638,16799
57647,16796
57670,16788
57683,16788
57660,16793
57638,16763
57630,16789
57617,16764
57599,16756
57617,16795
57627,16765
57655,16770
57691,16751
57719,16761
57731,16752
57721,16739
57716,16703
57690,16706
57679,16706
57674,16679
57664,16648
57659,16607
57655,16617
57643,16593
57652,16642
57646,16659
57665,16619
57667,16538
57660,16470
57646,16532
57652,16549
57641,16573
57640,16583
57610,16541
57597,16534
57584,16498
57593,16507
57616,16487
57602,16509
57553,16513
57559,16531
57590,16584
57590,16614
57633,16627
57629,16642
57624,16631
57581,16588
57575,16598
57547,16576
57544,16562
57538,16548
57547,16549
57566,16543
57575,16550
57617,16550
57662,16562
57653,16561
57662,16563
57631,16543
57624,16557
57602,16543
57602,16535
57596,16502
57600,16478
57580,16469
57586,16491
57607,16502
57580,16477
57608,16417
57618,16429
57612,16459
57625,16459
57608,16516
57628,16503
57628,16509
57617,16463
57625,16449
57608,16422
57616,16401
57603,16412
57592,16397
57584,16431
57572,16465
57580,16486
57580,16564
57612,16555
57591,16568
57551,16523
57541,16493
57565,16483
57625,16483
57640,16465
57652,16477
57639,16476
57635,16462
57629,16493
57571,16459
57581,16497
57565,16489
57571,16509
57597,16516
57615,16496
57638,16506
57644,16506
57648,16510
57638,16519
57629,16508
57612,16512
57591,16507
57578,16499
57571,16456
57575,16466
57566,16477
57562,16477
57558,16509
57578,16479
57568,16421
57580,16392
57574,16414
57573,16501
57569,16534
57574,16543
57585,16532
57594,16521
57579,16511
57586,16463
57601,16446
57589,16441
57596,16453
57596,16491
57608,16493
57599,16532
57599,16544
57598,16538
57603,16546
57570,16513
57553,16497
57556,16466
57572,16462
57592,16449
57613,16453
57573,16425
57537,16438
57534,16432
57571,16449
57618,16440
57642,16462
57633,16455
57633,16462
57632,16468
57623,16452
57585,16472
57586,16474
57582,16500
57573,16476
57598,16491
57631,16500
57645,16488
57649,16488
57650,16497
57633,16490
57617,16495
57606,16487
57590,16489
57586,16455
57583,16447
57565,16413
57584,16456
57602,16492
57596,16525
57574,16463
57584,16415
57589,16407
57595,16475
57601,16505
57603,16546
57599,16542
57607,16532
57588,16511
57591,16508
57592,16491
57586,16441
57593,16470
57587,16447
57585,16487
57572,16495
57528,16565
57511,16526
57509,16546
57525,16527
57546,16507
57541,16505
57458,16478
57433,16465
57443,16457
57478,16455
57500,16469
57500,16473
57513,16499
57497,16473
57474,16476
57474,16498
57427,16486
57408,16491
57392,16503
57407,16481
57389,16510
57421,16483
57439,16488
57466,16503
57471,16479
57456,16481
57473,16474
57439,16459
57437,16456
57426,16415
57422,16401
57419,16393
57415,16404
57419,16431
57411,16433
57397,16326
57372,16290
57360,16285
57365,16325
57373,16367
57393,16367
57373,16398
57339,16357
57345,16347
57358,16327
57394,16282
57421,16272
57437,16235
57426,16227
57425,16239
57390,16279
57369,16293
57338,16311
57342,16317
57341,16314
57369,16312
57364,16281
57369,16288
57351,16259
57351,16284
57353,16251
57321,16262
57294,16264
57250,16254
57251,16243
57261,16212
57290,16175
57293,16188
57325,16186
57305,16226
57289,16214
57309,16168
57335,16153
57386,16170
57393,16223
57392,16252
57393,16273
57398,16252
57376,16248
57359,16224
57334,16185
57351,16165
57327,16169
57360,16150
57378,16196
57376,16194
57384,16199
57366,16187
57383,16187
57350,16182
57355,16138
57351,16086
57342,16055
57337,16049
57331,16078
57332,16108
57326,16113
57318,16160
57317,16126
57314,16115
57327,16121
57338,16160
57326,16224
57332,16214
57329,16236
57339,16229
57343,16241
57346,16198
57342,16194
57339,16159
57347,16169
57325,16161
57334,16188
57326,16222
57334,16206
57325,16221
57295,16203
57295,16228
57250,16191
57245,16186
57242,16184
57254,16174
57295,16172
57288,16144
57247,16187
57215,16143
57237,16148
57257,16152
57306,16154
57334,16154
57307,16160
57299,16169
57287,16165
57274,16177
57253,16164
57261,16176
57268,16157
57276,16176
57308,16168
57308,16186
57322,16170
57329,16171
57326,16171
57307,16183
57314,16155
57300,16125
57290,16125
57276,16061
57272,16043
57262,16051
57267,16077
57266,16134
57272,16109
57262,16073
57267,16021
57272,16055
57279,16084
57277,16120
57283,16157
57249,16150
57004,16124
56738,16120
56604,16095
56604,16085
56636,16072
56702,16075
56804,16092
56849,16120
56872,16136
56903,16154
56887,16151
56856,16160
56824,16164
56803,16131
56804,16117
56805,16108
56759,16094
56689,16089
56707,16088
56753,16088
56811,16092
56849,16073
56876,16088
56865,16092
56847,16128
56853,16103
56822,16110
56813,16100
56813,16059
56839,15770
56851,15438
56890,15257
56910,15257
56926,15321
56905,15394
56922,15517
56903,15588
56898,15621
56894,15638
56895,15610
56873,15574
56879,15526
56866,15528
56881,15530
56872,15521
56876,15457
56867,15386
56859,15395
56850,15439
56842,15534
56866,15565
56866,15596
56901,15580
56880,15570
56862,15573
56864,15538
56904,15522
56957,15530
56985,15544
57009,15578
56982,15617
56983,15651
56974,15647
56974,15641
56961,15653
56938,15634
56945,15628
56960,15622
56995,15593
57013,15588
57027,15617
57018,15579
57006,15603
56990,15589
56973,15607
56956,15598
56938,15577
56944,15558
56937,15555
56934,15585
56966,15592
57006,15636
57000,15604
56983,15579
56969,15567
56992,15632
57021,15679
57056,15731
57058,15743
57049,15742
57059,15716
57046,15710
57033,15710
57004,15698
56990,15676
56995,15682
57019,15704
57023,15750
57049,15770
57043,15793
57043,15787
57046,15760
57035,15730
57021,15718
57016,15702
56998,15679
57005,15674
56994,15673
56994,15689
56991,15720
56991,15756
57014,15762
57007,15731
57012,15738
57014,15749
57009,15775
57024,15812
57026,15803
57030,15807
57033,15812
57041,15788
57032,15789
57027,15758
57042,15749
57026,15757
57039,15783
57038,15770
57034,15807
57047,15809
57038,15823
57055,15796
57044,15796
57047,15789
57039,15774
57042,15763
57032,15756
57018,15750
57018,15750
57023,15755
57060,15755
57077,15772
57049,15770
57000,15781
57015,15781
57036,15786
57090,15794
57106,15799
57125,15796
57092,15796
57077,15808
57069,15813
57048,15804
57028,15808
57024,15811
57020,15818
57047,15799
57072,15803
57069,15826
57082,15805
57070,15821
57059,15827
57066,15835
57039,15827
57044,15826
57028,15816
57021,15771
57021,15797
57022,15794
57037,15857
57031,15876
57035,15824
57029,15766
57039,15770
57035,15832
57052,15886
57048,15898
57049,15926
57039,15886
57029,15863
57034,15842
57045,15822
57041,15795
57030,15799
57034,15789
57035,15803
57036,15839
57021,15838
57037,15868
57028,15865
57026,15840
57005,15845
56988,15823
56927,15822
56930,15805
56940,15818
56948,15818
56978,15792
56901,15810
56873,15804
56875,15805
56922,15816
56955,15823
56995,15835
56998,15830
56972,15831
56963,15840
56947,15834
56953,15801
56954,15816
56943,15817
56979,15823
57013,15822
57054,15804
57070,15825
57070,15819
57063,15797
57053,15833
57038,15819
57020,15820
57021,15787
57009,15755
56987,15703
56963,15689
56959,15717
56988,15716
56988,15732
56993,15651
56989,15600
56946,15606
56934,15646
56953,15684
56978,15753
56987,15747
56986,15739
56975,15719
56959,15719
56958,15701
56948,15688
56904,15688
56918,15724
56940,15787
56946,15837
56978,15842
56991,15842
57012,15848
57015,15834
57024,15819
57010,15787
57008,15777
56996,15771
56992,15767
56981,15733
56968,15714
56958,15742
56966,15742
56960,15743
56962,15728
56952,15692
56957,15672
56943,15696
56950,15733
56946,15739
56968,15752
56953,15720
56929,15718
56922,15711
56926,15704
56928,15669
56970,15665
56952,15685
56918,15705
56904,15716
56904,15744
56941,15787
56976,15777
57004,15791
56993,15759
56987,15782
56967,15747
56977,15756
56941,15722
56932,15740
56917,15704
56924,15730
56939,15724
56965,15728
56976,15734
56975,15717
56960,15718
56955,15717
56949,15724
56930,15739
56930,15720
56907,15680
56922,15665
56900,15671
56894,15688
56907,15753
56914,15705
56911,15669
56913,15650
56907,15650
56907,15707
56906,15727
56913,15752
56905,15756
56905,15745
56907,15736
56896,15727
56884,15694
56870,15682
56838,15678
56810,15682
56787,15676
56772,15700
56767,15719
56774,15736
56782,15730
56778,15712
56778,15701
56793,15681
56779,15670
56771,15658
56766,15657
56776,15649
56775,15641
56725,15640
56632,15654
56628,15642
56628,15671
56670,15656
56665,15656
56711,15683
56708,15657
56694,15657
56685,15656
56681,15670
56665,15638
56665,15646
56670,15598
56686,15589
56713,15541
56703,15527
56744,15510
56744,15498
56757,15489
56735,15517
56709,15521
56707,15521
56697,15504
56696,15506
56707,15490
56697,15479
56710,15505
56692,15488
56682,15447
56684,15317
56696,15318
56700,15318
56695,15327
56701,15361
56711,15414
56709,15406
56716,15395
56694,15371
56679,15377
56682,15338
56698,15348
56719,15342
56717,15370
56681,15398
56699,15420
56735,15447
56791,15462
56804,15472
56833,15425
56822,15423
56822,15397
56814,15392
56799,15384
56784,15388
56778,15396
56784,15406
56807,15380
56844,15390
56900,15394
56939,15388
56932,15416
56930,15392
56904,15392
56885,15424
56884,15427
56864,15412
56854,15380
56867,15359
56863,15371
56875,15401
56878,15428
56835,15416
56806,15383
56810,15400
56852,15429
56874,15489
56904,15533
56902,15547
56906,15528
56907,15528
56904,15538
56890,15503
56856,15501
56860,15476
56868,15484
56880,15506
56873,15560
56901,15615
56912,15687
56913,15671
56908,15669
56892,15644
56912,15610
56884,15609
56900,15597
56902,15589
56895,15604
56893,15617
56893,15621
56879,15628
56869,15569
56824,15528
56833,15534
56840,15569
56861,15602
56893,15628
56891,15634
56872,15629
56872,15653
56874,15632
56886,15629
56934,15586
56949,15610
56970,15601
56953,15603
56954,15623
56953,15640
56921,15661
56912,15646
56899,15653
56914,15653
56921,15652
56934,15639
56957,15645
56951,15646
56955,15631
56947,15633
56942,15633
56937,15630
56918,15619
56919,15549
56911,15559
56921,15578
56917,15592
56925,15628
56902,15641
56923,15597
56908,15597
56927,15635
56914,15637
56938,15691
56921,15703
56923,15715
56918,15699
56925,15689
56924,15722
56926,15664
56929,15676
56926,15630
56931,15651
56938,15663
56935,15674
56930,15709
56927,15697
56927,15699
56916,15689
56879,15668
56887,15671
56887,15653
56915,15677
56947,15661
56919,15683
56877,15653
56875,15677
56897,15663
56947,15675
56956,15668
56956,15680
56930,15665
56920,15687
56907,15664
56882,15653
56833,15676
56790,15674
56791,15684
56780,15681
56778,15685
56809,15694
56841,15685
56860,15692
56844,15689
56817,15693
56771,15683
56793,15683
56823,15656
56838,15624
56841,15633
56815,15635
56760,15670
56785,15721
56831,15695
56840,15636
56866,15610
56875,15634
56846,15692
56788,15716
56774,15708
56785,15687
56782,15668
56782,15652
56742,15614
56679,15565
56636,15515
56646,15495
56656,15472
56680,15467
56682,15519
56665,15561
56686,15599
56716,15596
56763,15550
56770,15498
56768,15492
56741,15535
56712,15582
56712,15600
56696,15607
56666,15554
56660,15571
56651,15641
56683,15655
56729,15678
56767,15696
56806,15646
56808,15590
56783,15545
56779,15571
56750,15565
56746,15558
56719,15537
56715,15452
56712,15364
56721,15404
56747,15410
56778,15425
56801,15435
56729,15401
56705,15433
56702,15495
56719,15516
56758,15549
56752,15532
56724,15513
56720,15468
56690,15468
56686,15444
56680,15416
56693,15421
56710,15429
56720,15453
56725,15512
56732,15560
56736,15599
56739,15595
56755,15589
56753,15570
56784,15553
56786,15530
56782,15508
56768,15480
56777,15500
56765,15497
56771,15524
56771,15544
56764,15566
56778,15514
56773,15459
56777,15464
56754,15484
56769,15517
56778,15488
56775,15453
56776,15458
56733,15472
56719,15425
56696,15411
56718,15429
56717,15451
56722,15458
56686,15462
56683,15472
56696,15487
56745,15491
56746,15502
56742,15515
56721,15535
56702,15526
56708,15542
56697,15522
56665,15536
56654,15523
56629,15527
56642,15527
56641,15525
56668,15536
56665,15540
56660,15535
56659,15527
56631,15516
56628,15527
56626,15534
56626,15542
56624,15468
56616,15443
56622,15446
56618,15471
56615,15463
56624,15478
56618,15443
56636,15407
56621,15437
56636,15470
56631,15490
56646,15495
56647,15437
56645,15427
56653,15440
56649,15404
56656,15386
56656,15369
56653,15335
56657,15330
56643,15356
56664,15372
56667,15390
56664,15362
56671,15376
56654,15339
56677,15330
56663,15338
56665,15335
56668,15344
56643,15324
56644,15319
56646,15346
56628,15318
56625,15325
56623,15329
56594,15333
56568,15346
56573,15360
56574,15348
56605,15359
56631,15364
56607,15352
56563,15360
56523,15350
56553,15372
56597,15372
56626,15369
56652,15389
56621,15382
56616,15375
56614,15398
56604,15388
56578,15398
56579,15382
56570,15385
56602,15381
56622,15377
56653,15392
56654,15379
56641,15356
56637,15355
56618,15351
56607,15350
56587,15343
56587,15305
56596,15274
56562,15283
56565,15290
56554,15330
56553,15357
56545,15340
56539,15269
56546,15231
56533,15237
56504,15309
56504,15335
56498,15351
56494,15331
56455,15329
56443,15318
56470,15316
56487,15267
56480,15290
56445,15281
56434,15308
56468,15333
56517,15355
56554,15362
56566,15352
56540,15363
56524,15333
56486,15322
56468,15285
56462,15285
56466,15295
56467,15253
56488,15276
56519,15265
56542,15243
56570,15257
56577,15223
56585,15234
56579,15232
56566,15204
56552,15208
56540,15204
56539,15171
56522,15129
56520,15135
56512,15149
56501,15186
56477,15178
56478,15126
56476,15110
56499,15126
56522,15208
56524,15255
56484,15265
56475,15218
56490,15223
56509,15199
56537,15176
56517,15158
56523,15154
56523,15158
56517,15179
56507,15227
56490,15263
56470,15268
56487,15293
56479,15309
56500,15309
56488,15272
56511,15251
56492,15232
56484,15230
56461,15255
56399,15227
56399,15227
56387,15202
56378,15186
56380,15167
56374,15178
56372,15177
56378,15221
56371,15227
56373,15189
56366,15162
56381,15180
56374,15198
56383,15248
56377,15224
56383,15207
56360,15207
56378,15196
56365,15192
56374,15172
56371,15153
56373,15156
56374,15167
56367,15175
56358,15178
56349,15188
56341,15173
56347,15150
56315,15131
56322,15083
56298,15050
56295,15044
56243,15038
56243,15034
56236,15028
56241,15022
56241,15021
56287,15020
56272,15036
56229,15029
56190,15028
56216,15045
56221,15033
56251,15021
56246,15041
56251,15036
56224,15047
56222,15037
56196,15031
56180,15041
56150,15037
56168,15029
56174,15039
56206,15033
56210,15022
56212,15022
56216,15012
56201,14983
56197,15004
56177,14978
56174,14951
56160,14900
56145,14900
56130,14878
56128,14887
56117,14888
56109,14939
56094,14926
56081,14883
56077,14817
56086,14831
56078,14847
56082,14894
56081,14888
56078,14892
56066,14867
56065,14865
56046,14836
56056,14795
56048,14783
56037,14785
56025,14787
56028,14854
56010,14839
56021,14841
56016,14844
55982,14859
55955,14821
55958,14807
55981,14811
56007,14779
56007,14761
55995,14741
55943,14727
55912,14732
55942,14712
55991,14713
56023,14691
56054,14700
56031,14676
56033,14684
56015,14681
55994,14695
55972,14679
55980,14664
55988,14677
56017,14662
56036,14653
56053,14648
56066,14649
56050,14618
56053,14628
56030,14616
56027,14613
56023,14603
56025,14575
56026,14542
56016,14542
55988,14578
55953,14601
55922,14601
55917,14599
55925,14516
55866,14479
55821,14504
55791,14556
55681,14606
55629,14639
55626,14608
55679,14607
55755,14583
55754,14582
55728,14541
55709,14548
55709,14573
55705,14583
55705,14617
55686,14656
55695,14674
55695,14651
55749,14647
55749,14614
55790,14611
55804,14607
55823,14626
55832,14624
55829,14596
55817,14567
55817,14502
55804,14489
55800,14491
55799,14501
55796,14435
55815,14405
55809,14360
55809,14259
55810,14188
55827,14177
55811,14223
55818,14312
55828,14314
55836,14284
55837,14261
55833,14258
55839,14260
55839,14234
55836,14243
55841,14232
55842,14232
55844,14317
55844,14317
55850,14358
55878,14365
55866,14417
55864,14399
55847,14417
55845,14400
55849,14408
55877,14395
55885,14370
55889,14379
55824,14387
55785,14391
55763,14374
55796,14388
55820,14387
55859,14388
55850,14386
55868,14405
55846,14404
55840,14397
55816,14413
55813,14402
55804,14420
55811,14414
55810,14429
55842,14429
55841,14429
55841,14424
55853,14424
55843,14449
55835,14455
55838,14450
55827,14466
55819,14440
55811,14447
55804,14431
55801,14479
55800,14490
55811,14518
55797,14407
55802,14362
55797,14341
55813,14368
55802,14404
55814,14445
55809,14468
55820,14463
55834,14429
55851,14438
55846,14394
55836,14380
55835,14377
55819,14382
55820,14397
55813,14424
55807,14428
55765,14428
55760,14404
55769,14426
55776,14415
55810,14412
55758,14380
55719,14381
55678,14388
55687,14359
55709,14375
55731,14377
55749,14379
55727,14378
55714,14369
55704,14384
55684,14399
55674,14378
55664,14387
55673,14384
55673,14393
55678,14437
55721,14432
55729,14428
55724,14414
55738,14420
55710,14408
55696,14410
55702,14409
55694,14383
55687,14346
55671,14323
55680,14338
55666,14359
55671,14395
55671,14340
55664,14273
55677,14229
55668,14221
55668,14263
55650,14296
55634,14294
55639,14291
55661,14248
55676,14243
55653,14223
55636,14200
55640,14192
55680,14195
55717,14195
55746,14227
55730,14249
55719,14265
55704,14275
55670,14279
55642,14278
55607,14238
55614,14252
55597,14222
55611,14221
55604,14207
55629,14218
55618,14192
55632,14213
55614,14206
55592,14200
55588,14207
55588,14207
55581,14190
55585,14181
55577,14166
55585,14165
55556,14191
55530,14214
55528,14161
55527,14145
55565,14145
55608,14216
55577,14255
55545,14293
55545,14264
55539,14258
55568,14238
55608,14184
55612,14149
55618,14114
55596,14107
55591,14114
55583,14105
55576,14125
55555,14140
55542,14131
55567,14132
55580,14121
55597,14098
55604,14081
55607,14097
55605,14075
55608,14098
55590,14091
55603,14100
55583,14069
55592,14048
55583,14033
55592,14046
55591,14080
55605,14127
55603,14107
55608,14051
55593,14051
55619,14031
55617,14082
55605,14101
55623,14126
55612,14136
55620,14116
55614,14120
55607,14079
55621,14071
55608,14059
55616,14046
55600,14056
55612,14072
55613,14097
55619,14125
55619,14123
55607,14115
55587,14129
55571,14119
55571,14112
55585,14125
55580,14101
55599,14090
55621,14088
55581,14091
55545,14108
55530,14085
55553,14120
55591,14099
55613,14131
55617,14126
55586,14112
55578,14138
55565,14142
55532,14154
55523,14125
55515,14129
55555,14152
55555,14149
55566,14134
55577,14126
55577,14136
55586,14146
55568,14144
55573,14151
55555,14133
55556,14103
55553,14083
55543,14083
55542,14105
55553,14098
55540,14132
55553,14154
55557,14108
55547,14052
55570,14020
55564,14069
55573,14104
55570,14123
55578,14115
55583,14089
55582,14106
55569,14054
55577,14044
55567,14017
55584,14028
55572,14050
55574,14050
55573,14074
55572,14063
55560,14063
55547,14103
55565,14077
55564,14084
55574,14048
55609,14070
55576,14069
55525,14066
55526,14047
55529,14053
55578,14057
55603,14075
55610,14070
55593,14068
55573,14080
55563,14068
55539,14094
55539,14086
55530,14089
55545,14081
55552,14102
55592,14072
55608,14103
55640,14086
55652,14089
55659,14091
55645,14095
55642,14111
55623,14119
55602,14103
55593,14064
55566,14069
55570,14070
55582,14087
55592,14127
55605,14093
55590,14035
55560,14020
55550,14026
55580,14073
55611,14111
55646,14116
55650,14091
55647,14070
55623,14050
55599,14042
55553,14042
55533,14015
55529,14030
55540,14052
55550,14081
55565,14136
55562,14147
55554,14163
55545,14193
55534,14167
55505,14166
55497,14146
55503,14109
55498,14101
55528,14059
55554,14076
55577,14086
55554,14092
55556,14122
55556,14110
55560,14061
55586,14049
55620,14072
55614,14124
55642,14151
55642,14176
55635,14138
55607,14153
55607,14096
55608,14039
55598,14006
55607,14002
55631,14027
55639,14032
55640,14055
55648,14042
55637,14057
55641,14052
55623,14035
55616,14009
55624,13973
55604,13987
55613,13997
55597,14010
55605,14060
55602,14063
55614,14045
55618,14040
55613,14040
55613,14075
55626,14084
55618,14123
55629,14118
55629,14166
55636,14150
55637,14141
55635,14112
55634,14112
55636,14111
55645,14104
55650,14101
55652,14150
55613,14142
55616,14150
55624,14161
55641,14151
55655,14146
55706,14113
55647,14128
55626,14111
55620,14110
55663,14110
55694,14111
55704,14105
55704,14126
55692,14132
55684,14124
55672,14119
55660,14123
55655,14132
55630,14137
55636,14150
55647,14154
55657,14147
55672,14174
55668,14155
55673,14163
55683,14158
55682,14179
55663,14174
55643,14172
55640,14127
55639,14140
55639,14140
55625,14182
55627,14193
55587,14229
55575,14168
55553,14138
55533,14128
55537,14189
55537,14219
55549,14232
55560,14232
55566,14225
55564,14196
55576,14205
55578,14176
55588,14147
55598,14138
55597,14135
55613,14161
55604,14160
55581,14179
55566,14202
55547,14206
55568,14201
55593,14209
55576,14177
55536,14169
55502,14157
55544,14159
55544,14132
55599,14145
55634,14137
55627,14085
55623,14055
55626,14040
55622,14016
55605,14007
55612,13994
55616,14042
55653,14042
55653,14060
55681,14052
55727,14074
55740,14085
55732,14077
55724,14099
55696,14085
55695,14123
55662,14117
55643,14080
55616,14058
55623,14054
55616,14058
55621,14082
55627,14066
55608,14009
55583,13968
55564,14010
55595,14010
55603,14067
55639,14142
55632,14128
55638,14117
55629,14127
55636,14109
55597,14104
55589,14096
55598,14128
55602,14153
55632,14153
55651,14209
55663,14243
55658,14268
55658,14243
55663,14231
55640,14220
55632,14192
55619,14157
55622,14141
55618,14111
55613,14126
55614,14103
55618,14127
55625,14141
55617,14096
55631,14064
55628,14043
55628,14082
55636,14103
55635,14146
55643,14116
55635,14131
55647,14131
55644,14132
55656,14106
55641,14060
55653,14080
55648,14090
55657,14119
55670,14132
55655,14153
55665,14165
55659,14171
55654,14169
55648,14145
55657,14142
55660,14129
55656,14120
55665,14112
55664,14113
55657,14126
55624,14118
55627,14122
55626,14124
55641,14137
55662,14137
55682,14137
55622,14148
55590,14145
55602,14159
55636,14140
55654,14163
55665,14144
55655,14164
55617,14158
55628,14170
55604,14177
55595,14188
55581,14190
55590,14188
55600,14179
55626,14195
55637,14188
55637,14191
55628,14180
55630,14206
55616,14164
55603,14178
55578,14192
55577,14186
55549,14133
55559,14152
55548,14139
55540,14163
55542,14185
55538,14210
55538,14133
55515,14098
55538,14100
55517,14156
55521,14168
55516,14180
55516,14170
55521,14137
55514,14138
55504,14115
55505,14089
55520,14100
55513,14093
55519,14097
55523,14115
55513,14130
55521,14137
55516,14137
55523,14141
55509,14130
55499,14112
55468,14065
55463,14045
55473,14029
55498,14042
55510,14028
55477,14032
55456,14026
55459,14009
55496,14009
55532,13996
55539,14028
55551,14014
55530,14002
55530,14017
55495,14009
55478,14007
55466,14002
55471,14005
55463,13993
55491,14004
55506,13985
55526,14013
55512,14008
55508,14006
55492,14008
55480,13986
55453,14014
55453,13990
55460,13985
55448,13927
55439,13944
55420,13961
55411,13990
55364,14014
55350,13973
55326,13933
55287,13933
55297,13958
55282,14025
55324,14043
55340,14024
55322,13998
55311,14004
55287,13947
55327,13954
55349,13909
55394,13932
55386,13908
55393,13957
55387,13975
55376,14000
55354,13995
55341,14002
55345,13953
55342,13959
55359,13912
55393,13912
55387,13915
55375,13901
55391,13895
55374,13855
55377,13858
55365,13823
55362,13784
55364,13763
55358,13708
55362,13718
55361,13725
55369,13749
55353,13792
55364,13763
55364,13728
55379,13710
55370,13753
55386,13790
55374,13828
55373,13831
55379,13827
55386,13840
55380,13808
55382,13777
55383,13769
55378,13762
55390,13773
55390,13780
55387,13836
55385,13836
55385,13826
55390,13828
55382,13842
55378,13817
55382,13817
55398,13807
55392,13795
55374,13795
55345,13820
55360,13801
55358,13814
55395,13805
55426,13803
55413,13819
55374,13831
55350,13823
55391,13823
55445,13830
55479,13812
55494,13840
55482,13842
55457,13838
55457,13827
55438,13836
55425,13848
55411,13835
55434,13835
55438,13844
55472,13842
55477,13842
55488,13847
55485,13838
55473,13864
55464,13852
55453,13851
55438,13858
55444,13842
55425,13817
55437,13823
55420,13828
55423,13869
55413,13904
55431,13874
55414,13834
55430,13788
55430,13843
55419,13886
55427,13947
55430,13943
55419,13964
55429,13921
55425,13934
55426,13892
55425,13878
55428,13859
55416,13880
55422,13880
55424,13928
55422,13924
55423,13942
55428,13940
55420,13939
55409,13922
55404,13904
55413,13903
55430,13900
55447,13892
55402,13880
55381,13882
55378,13860
55430,13878
55455,13870
55491,13866
55488,13888
55466,13888
55471,13873
55450,13875
55446,13881
55428,13870
55446,13893
55469,13879
55491,13884
55521,13884
55556,13883
55547,13877
55543,13890
55509,13908
55504,13887
55485,13896
55481,13874
55463,13873
55448,13869
55430,13850
55429,13883
55423,13881
55453,13922
55448,13862
55448,13841
55409,13825
55354,13891
55377,13933
55398,13952
55425,13956
55436,13943
55434,13938
55434,13906
55430,13909
55426,13878
55425,13895
55399,13927
55396,13950
55403,14001
55402,14040
55421,14015
55436,14022
55453,13979
55446,13985
55457,13953
55448,13946
55441,13946
55439,13911
55431,13900
55425,13887
55415,13878
55407,13887
55413,13925
55416,13911
55410,13851
55415,13802
55417,13824
55419,13843
55411,13892
55412,13896
55413,13887
55429,13887
55422,13893
55408,13877
55422,13868
55403,13860
55416,13838
55404,13846
55405,13852
55399,13882
55404,13893
55396,13906
55374,13901
55333,13924
55353,13915
55354,13892
55381,13903
55402,13874
55402,13875
55344,13871
55341,13859
55321,13866
55374,13873
55393,13850
55415,13871
55390,13874
55388,13879
55375,13875
55363,13867
55340,13892
55324,13873
55323,13880
55336,13863
55332,13884
55373,13879
55365,13864
55366,13856
55365,13864
55366,13858
55357,13873
55338,13866
55323,13823
55325,13798
55332,13812
55321,13801
55319,13837
55316,13872
55317,13872
55313,13792
55330,13764
55322,13758
55322,13813
55334,13847
55336,13863
55333,13851
55338,13840
55329,13811
55344,13798
55336,13775
55342,13770
55340,13746
55333,13783
55314,13799
55315,13802
55316,13825
55321,13805
55297,13816
55262,13817
55257,13785
55232,13781
55245,13764
55256,13743
55282,13759
55243,13747
55203,13760
55195,13758
55195,13755
55220,13746
55252,13757
55277,13765
55282,13760
55266,13767
55253,13762
55244,13765
55226,13776
55219,13788
55223,13774
55247,13773
55261,13785
55305,13756
55333,13780
55341,13758
55343,13768
55337,13752
55323,13753
55335,13728
55314,13694
55313,13674
55310,13661
55309,13660
55310,13685
55303,13709
55307,13657
55298,13613
55308,13595
55275,13595
55284,13629
55260,13656
55273,13702
55279,13678
55292,13689
55238,13643
55211,13650
55218,13627
55250,13627
55265,13627
55271,13656
55260,13686
55247,13719
55234,13763
55222,13775
55199,13761
55202,13759
55189,13751
55189,13749
55194,13719
55217,13732
55223,13731
55227,13725
55213,13716
55224,13728
55216,13735
55219,13733
55187,13719
55192,13708
55181,13711
55156,13679
55153,13702
55139,13704
55151,13717
55127,13650
55156,13607
55159,13617
55171,13649
55166,13692
55185,13669
55179,13659
55190,13655
55179,13639
55184,13622
55184,13613
55187,13595
55201,13592
55188,13592
55201,13584
55181,13598
55183,13609
55194,13625
55196,13609
55184,13612
55145,13606
55146,13605
55130,13601
55164,13587
55173,13569
55165,13554
55117,13542
55106,13534
55125,13537
55165,13519
55197,13560
55195,13556
55173,13549
55147,13559
55154,13566
55154,13584
55120,13593
55129,13576
55111,13578
55134,13576
55144,13587
55164,13613
55164,13597
55164,13592
55162,13582
55153,13596
55144,13590
55131,13598
55144,13590
55117,13532
55117,13536
55111,13521
55115,13543
55117,13569
55107,13558
55109,13510
55093,13469
55104,13505
55103,13534
55082,13594
55093,13593
55087,13571
55098,13550
55078,13537
55088,13523
55076,13501
55082,13495
55073,13492
55086,13494
55068,13527
55040,13555
55024,13545
55049,13545
55041,13555
55080,13555
55042,13531
55033,13509
55041,13525
55094,13491
55121,13496
55141,13475
55146,13495
55126,13481
55125,13482
55101,13472
55089,13471
55075,13469
55085,13470
55102,13451
55121,13463
55160,13449
55161,13470
55161,13447
55169,13455
55148,13471
55142,13454
55137,13461
55131,13440
55111,13435
55105,13398
55095,13397
55097,13405
55095,13436
55097,13464
55100,13422
55110,13395
55081,13410
55084,13451
55108,13483
55130,13514
55138,13538
55154,13493
55150,13490
55146,13434
55149,13448
55137,13429
55105,13430
55106,13475
55131,13480
55141,13531
55135,13539
55159,13539
55164,13553
55171,13544
55163,13505
55155,13515
55140,13501
55133,13479
55128,13467
55120,13458
55132,13454
55116,13446
55124,13457
55133,13476
55129,13473
55126,13444
55136,13436
55136,13464
55134,13507
55145,13514
55149,13527
55145,13499
55138,13525
55150,13502
55133,13495
55151,13463
55138,13477
55154,13487
55137,13520
55157,13522
55151,13537
55146,13533
55146,13551
55109,13537
55118,13531
55113,13511
55127,13500
55152,13512
55153,13506
55105,13497
55103,13494
55121,13497
55147,13483
55164,13491
55154,13502
55144,13498
55122,13505
55125,13514
55112,13523
55094,13506
55087,13530
55082,13531
55105,13527
55133,13523
55140,13541
55146,13527
55136,13540
55135,13530
55120,13538
55109,13538
55104,13537
55101,13537
55096,13475
55107,13498
55095,13476
55102,13518
55095,13545
55105,13532
55088,13483
55100,13458
55085,13487
55099,13536
55092,13549
55094,13539
55103,13527
55096,13505
55097,13505
55089,13480
55102,13466
55097,13454
55097,13451
55107,13474
55101,13494
55100,13510
55096,13514
55107,13507
55100,13505
55078,13480
55067,13480
55062,13476
55053,13467
55103,13459
55122,13456
55065,13465
55062,13470
55097,13454
55131,13483
55164,13456
55175,13458
55169,13466
55147,13473
55136,13480
55146,13458
55120,13472
55118,13453
55113,13480
55145,13471
55152,13486
55205,13466
55216,13466
55191,13498
55182,13470
55173,13482
55167,13474
55150,13503
55155,13486
55147,13451
55146,13425
55136,13420
55137,13439
55121,13472
55122,13493
55116,13448
55128,13428
55148,13454
55163,13502
55132,13542
55123,13537
55122,13534
55154,13531
55160,13515
55162,13520
55149,13472
55141,13489
55118,13498
55114,13524
55114,13560
55104,13574
55103,13600
55096,13577
55110,13579
55129,13541
55154,13562
55177,13527
55172,13530
55177,13529
55158,13529
55167,13528
55156,13513
55151,13503
55141,13493
55132,13492
55141,13526
55139,13519
55138,13540
55142,13504
55144,13486
55143,13495
55152,13528
55155,13530
55150,13540
55154,13518
55162,13505
55165,13506
55159,13494
55161,13494
55165,13474
55157,13452
55164,13458
55171,13492
55166,13512
55174,13518
55163,13562
55185,13554
55168,13554
55173,13553
55173,13540
55169,13529
55146,13528
55147,13522
55131,13521
55160,13519
55186,13515
55196,13528
55196,13536
55145,13536
55130,13544
55135,13535
55168,13546
55201,13526
55205,13550
55205,13536
55178,13551
